Date,Value,Label
1988-01-01,0,Aquifer Recharge
1988-01-02,0,Aquifer Recharge
1988-01-03,0,Aquifer Recharge
1988-01-04,0,Aquifer Recharge
1988-01-05,0,Aquifer Recharge
1988-01-06,0,Aquifer Recharge
1988-01-07,0,Aquifer Recharge
1988-01-08,0,Aquifer Recharge
1988-01-09,0,Aquifer Recharge
1988-01-10,0,Aquifer Recharge
1988-01-11,0,Aquifer Recharge
1988-01-12,0,Aquifer Recharge
1988-01-13,0,Aquifer Recharge
1988-01-14,0,Aquifer Recharge
1988-01-15,0,Aquifer Recharge
1988-01-16,0,Aquifer Recharge
1988-01-17,0,Aquifer Recharge
1988-01-18,0,Aquifer Recharge
1988-01-19,0,Aquifer Recharge
1988-01-20,0,Aquifer Recharge
1988-01-21,0,Aquifer Recharge
1988-01-22,0,Aquifer Recharge
1988-01-23,0,Aquifer Recharge
1988-01-24,0,Aquifer Recharge
1988-01-25,0,Aquifer Recharge
1988-01-26,0,Aquifer Recharge
1988-01-27,0,Aquifer Recharge
1988-01-28,0,Aquifer Recharge
1988-01-29,0,Aquifer Recharge
1988-01-30,0,Aquifer Recharge
1988-01-31,0,Aquifer Recharge
1988-02-01,0,Aquifer Recharge
1988-02-02,0,Aquifer Recharge
1988-02-03,0,Aquifer Recharge
1988-02-04,0,Aquifer Recharge
1988-02-05,0,Aquifer Recharge
1988-02-06,0,Aquifer Recharge
1988-02-07,0,Aquifer Recharge
1988-02-08,0,Aquifer Recharge
1988-02-09,0,Aquifer Recharge
1988-02-10,0,Aquifer Recharge
1988-02-11,0,Aquifer Recharge
1988-02-12,0,Aquifer Recharge
1988-02-13,0,Aquifer Recharge
1988-02-14,0,Aquifer Recharge
1988-02-15,0,Aquifer Recharge
1988-02-16,0,Aquifer Recharge
1988-02-17,0,Aquifer Recharge
1988-02-18,0,Aquifer Recharge
1988-02-19,0,Aquifer Recharge
1988-02-20,0,Aquifer Recharge
1988-02-21,0,Aquifer Recharge
1988-02-22,0,Aquifer Recharge
1988-02-23,0,Aquifer Recharge
1988-02-24,0,Aquifer Recharge
1988-02-25,0,Aquifer Recharge
1988-02-26,0,Aquifer Recharge
1988-02-27,0,Aquifer Recharge
1988-02-28,0,Aquifer Recharge
1988-02-29,0,Aquifer Recharge
1988-03-01,0,Aquifer Recharge
1988-03-02,0,Aquifer Recharge
1988-03-03,0,Aquifer Recharge
1988-03-04,0,Aquifer Recharge
1988-03-05,0,Aquifer Recharge
1988-03-06,0,Aquifer Recharge
1988-03-07,0,Aquifer Recharge
1988-03-08,0,Aquifer Recharge
1988-03-09,0,Aquifer Recharge
1988-03-10,0,Aquifer Recharge
1988-03-11,0,Aquifer Recharge
1988-03-12,0,Aquifer Recharge
1988-03-13,0,Aquifer Recharge
1988-03-14,0,Aquifer Recharge
1988-03-15,0,Aquifer Recharge
1988-03-16,0,Aquifer Recharge
1988-03-17,0,Aquifer Recharge
1988-03-18,0,Aquifer Recharge
1988-03-19,0,Aquifer Recharge
1988-03-20,0,Aquifer Recharge
1988-03-21,0,Aquifer Recharge
1988-03-22,0,Aquifer Recharge
1988-03-23,0,Aquifer Recharge
1988-03-24,0,Aquifer Recharge
1988-03-25,0,Aquifer Recharge
1988-03-26,0,Aquifer Recharge
1988-03-27,0,Aquifer Recharge
1988-03-28,0,Aquifer Recharge
1988-03-29,0,Aquifer Recharge
1988-03-30,0,Aquifer Recharge
1988-03-31,0,Aquifer Recharge
1988-04-01,0,Aquifer Recharge
1988-04-02,0,Aquifer Recharge
1988-04-03,0,Aquifer Recharge
1988-04-04,16.57,Aquifer Recharge
1988-04-05,16.57,Aquifer Recharge
1988-04-06,16.57,Aquifer Recharge
1988-04-07,7.39,Aquifer Recharge
1988-04-08,9.38,Aquifer Recharge
1988-04-09,10.5,Aquifer Recharge
1988-04-10,10.5,Aquifer Recharge
1988-04-11,10.5,Aquifer Recharge
1988-04-12,16.57,Aquifer Recharge
1988-04-13,16.57,Aquifer Recharge
1988-04-14,16.57,Aquifer Recharge
1988-04-15,13.92,Aquifer Recharge
1988-04-16,16.57,Aquifer Recharge
1988-04-17,16.57,Aquifer Recharge
1988-04-18,16.57,Aquifer Recharge
1988-04-19,16.57,Aquifer Recharge
1988-04-20,16.57,Aquifer Recharge
1988-04-21,16.57,Aquifer Recharge
1988-04-22,16.57,Aquifer Recharge
1988-04-23,16.57,Aquifer Recharge
1988-04-24,16.57,Aquifer Recharge
1988-04-25,16.57,Aquifer Recharge
1988-04-26,16.57,Aquifer Recharge
1988-04-27,16.57,Aquifer Recharge
1988-04-28,16.57,Aquifer Recharge
1988-04-29,16.57,Aquifer Recharge
1988-04-30,16.57,Aquifer Recharge
1988-05-01,16.57,Aquifer Recharge
1988-05-02,16.57,Aquifer Recharge
1988-05-03,16.57,Aquifer Recharge
1988-05-04,16.57,Aquifer Recharge
1988-05-05,16.57,Aquifer Recharge
1988-05-06,16.57,Aquifer Recharge
1988-05-07,16.57,Aquifer Recharge
1988-05-08,16.57,Aquifer Recharge
1988-05-09,16.57,Aquifer Recharge
1988-05-10,16.57,Aquifer Recharge
1988-05-11,16.57,Aquifer Recharge
1988-05-12,16.57,Aquifer Recharge
1988-05-13,16.57,Aquifer Recharge
1988-05-14,16.57,Aquifer Recharge
1988-05-15,16.57,Aquifer Recharge
1988-05-16,16.57,Aquifer Recharge
1988-05-17,16.57,Aquifer Recharge
1988-05-18,16.57,Aquifer Recharge
1988-05-19,16.57,Aquifer Recharge
1988-05-20,16.57,Aquifer Recharge
1988-05-21,16.57,Aquifer Recharge
1988-05-22,16.57,Aquifer Recharge
1988-05-23,16.57,Aquifer Recharge
1988-05-24,16.57,Aquifer Recharge
1988-05-25,16.57,Aquifer Recharge
1988-05-26,16.57,Aquifer Recharge
1988-05-27,16.57,Aquifer Recharge
1988-05-28,16.57,Aquifer Recharge
1988-05-29,16.57,Aquifer Recharge
1988-05-30,16.57,Aquifer Recharge
1988-05-31,16.57,Aquifer Recharge
1988-06-01,16.57,Aquifer Recharge
1988-06-02,16.57,Aquifer Recharge
1988-06-03,16.57,Aquifer Recharge
1988-06-04,16.57,Aquifer Recharge
1988-06-05,16.57,Aquifer Recharge
1988-06-06,16.57,Aquifer Recharge
1988-06-07,16.57,Aquifer Recharge
1988-06-08,16.57,Aquifer Recharge
1988-06-09,16.57,Aquifer Recharge
1988-06-10,16.57,Aquifer Recharge
1988-06-11,16.57,Aquifer Recharge
1988-06-12,16.57,Aquifer Recharge
1988-06-13,16.57,Aquifer Recharge
1988-06-14,16.57,Aquifer Recharge
1988-06-15,16.57,Aquifer Recharge
1988-06-16,16.57,Aquifer Recharge
1988-06-17,16.57,Aquifer Recharge
1988-06-18,16.57,Aquifer Recharge
1988-06-19,16.57,Aquifer Recharge
1988-06-20,16.57,Aquifer Recharge
1988-06-21,16.57,Aquifer Recharge
1988-06-22,16.57,Aquifer Recharge
1988-06-23,16.57,Aquifer Recharge
1988-06-24,16.57,Aquifer Recharge
1988-06-25,16.57,Aquifer Recharge
1988-06-26,16.57,Aquifer Recharge
1988-06-27,16.57,Aquifer Recharge
1988-06-28,16.57,Aquifer Recharge
1988-06-29,16.57,Aquifer Recharge
1988-06-30,16.57,Aquifer Recharge
1988-07-01,16.57,Aquifer Recharge
1988-07-02,16.57,Aquifer Recharge
1988-07-03,16.57,Aquifer Recharge
1988-07-04,16.57,Aquifer Recharge
1988-07-05,16.57,Aquifer Recharge
1988-07-06,16.57,Aquifer Recharge
1988-07-07,16.57,Aquifer Recharge
1988-07-08,16.57,Aquifer Recharge
1988-07-09,16.57,Aquifer Recharge
1988-07-10,16.57,Aquifer Recharge
1988-07-11,16.57,Aquifer Recharge
1988-07-12,16.57,Aquifer Recharge
1988-07-13,16.57,Aquifer Recharge
1988-07-14,16.57,Aquifer Recharge
1988-07-15,16.57,Aquifer Recharge
1988-07-16,16.57,Aquifer Recharge
1988-07-17,16.57,Aquifer Recharge
1988-07-18,16.57,Aquifer Recharge
1988-07-19,16.57,Aquifer Recharge
1988-07-20,16.57,Aquifer Recharge
1988-07-21,16.57,Aquifer Recharge
1988-07-22,16.57,Aquifer Recharge
1988-07-23,16.57,Aquifer Recharge
1988-07-24,16.57,Aquifer Recharge
1988-07-25,16.57,Aquifer Recharge
1988-07-26,16.57,Aquifer Recharge
1988-07-27,16.57,Aquifer Recharge
1988-07-28,16.57,Aquifer Recharge
1988-07-29,16.57,Aquifer Recharge
1988-07-30,16.57,Aquifer Recharge
1988-07-31,16.57,Aquifer Recharge
1988-08-01,16.57,Aquifer Recharge
1988-08-02,16.57,Aquifer Recharge
1988-08-03,16.57,Aquifer Recharge
1988-08-04,16.57,Aquifer Recharge
1988-08-05,16.57,Aquifer Recharge
1988-08-06,16.57,Aquifer Recharge
1988-08-07,16.57,Aquifer Recharge
1988-08-08,16.57,Aquifer Recharge
1988-08-09,16.57,Aquifer Recharge
1988-08-10,16.57,Aquifer Recharge
1988-08-11,16.57,Aquifer Recharge
1988-08-12,16.57,Aquifer Recharge
1988-08-13,16.57,Aquifer Recharge
1988-08-14,16.57,Aquifer Recharge
1988-08-15,16.57,Aquifer Recharge
1988-08-16,16.57,Aquifer Recharge
1988-08-17,16.57,Aquifer Recharge
1988-08-18,16.57,Aquifer Recharge
1988-08-19,16.57,Aquifer Recharge
1988-08-20,16.57,Aquifer Recharge
1988-08-21,16.57,Aquifer Recharge
1988-08-22,16.57,Aquifer Recharge
1988-08-23,16.57,Aquifer Recharge
1988-08-24,16.57,Aquifer Recharge
1988-08-25,16.57,Aquifer Recharge
1988-08-26,16.57,Aquifer Recharge
1988-08-27,16.57,Aquifer Recharge
1988-08-28,16.57,Aquifer Recharge
1988-08-29,16.57,Aquifer Recharge
1988-08-30,16.57,Aquifer Recharge
1988-08-31,16.57,Aquifer Recharge
1988-09-01,16.57,Aquifer Recharge
1988-09-02,16.57,Aquifer Recharge
1988-09-03,16.57,Aquifer Recharge
1988-09-04,16.57,Aquifer Recharge
1988-09-05,16.57,Aquifer Recharge
1988-09-06,16.57,Aquifer Recharge
1988-09-07,16.57,Aquifer Recharge
1988-09-08,16.57,Aquifer Recharge
1988-09-09,0.14,Aquifer Recharge
1988-09-10,0,Aquifer Recharge
1988-09-11,0,Aquifer Recharge
1988-09-12,0,Aquifer Recharge
1988-09-13,0,Aquifer Recharge
1988-09-14,0,Aquifer Recharge
1988-09-15,0,Aquifer Recharge
1988-09-16,0,Aquifer Recharge
1988-09-17,0,Aquifer Recharge
1988-09-18,0,Aquifer Recharge
1988-09-19,0,Aquifer Recharge
1988-09-20,0,Aquifer Recharge
1988-09-21,0,Aquifer Recharge
1988-09-22,0,Aquifer Recharge
1988-09-23,0,Aquifer Recharge
1988-09-24,0,Aquifer Recharge
1988-09-25,0,Aquifer Recharge
1988-09-26,0,Aquifer Recharge
1988-09-27,0,Aquifer Recharge
1988-09-28,0,Aquifer Recharge
1988-09-29,0,Aquifer Recharge
1988-09-30,0,Aquifer Recharge
1988-10-01,0,Aquifer Recharge
1988-10-02,0,Aquifer Recharge
1988-10-03,0,Aquifer Recharge
1988-10-04,0,Aquifer Recharge
1988-10-05,0,Aquifer Recharge
1988-10-06,0,Aquifer Recharge
1988-10-07,0,Aquifer Recharge
1988-10-08,0,Aquifer Recharge
1988-10-09,0,Aquifer Recharge
1988-10-10,0,Aquifer Recharge
1988-10-11,0,Aquifer Recharge
1988-10-12,0,Aquifer Recharge
1988-10-13,0,Aquifer Recharge
1988-10-14,0,Aquifer Recharge
1988-10-15,0,Aquifer Recharge
1988-10-16,0,Aquifer Recharge
1988-10-17,0,Aquifer Recharge
1988-10-18,0,Aquifer Recharge
1988-10-19,0,Aquifer Recharge
1988-10-20,0,Aquifer Recharge
1988-10-21,0,Aquifer Recharge
1988-10-22,0,Aquifer Recharge
1988-10-23,0,Aquifer Recharge
1988-10-24,0,Aquifer Recharge
1988-10-25,0,Aquifer Recharge
1988-10-26,0,Aquifer Recharge
1988-10-27,0,Aquifer Recharge
1988-10-28,0,Aquifer Recharge
1988-10-29,0,Aquifer Recharge
1988-10-30,0,Aquifer Recharge
1988-10-31,0,Aquifer Recharge
1988-11-01,0,Aquifer Recharge
1988-11-02,0,Aquifer Recharge
1988-11-03,0,Aquifer Recharge
1988-11-04,0,Aquifer Recharge
1988-11-05,0,Aquifer Recharge
1988-11-06,0,Aquifer Recharge
1988-11-07,0,Aquifer Recharge
1988-11-08,0,Aquifer Recharge
1988-11-09,0,Aquifer Recharge
1988-11-10,0,Aquifer Recharge
1988-11-11,0,Aquifer Recharge
1988-11-12,0,Aquifer Recharge
1988-11-13,0,Aquifer Recharge
1988-11-14,0,Aquifer Recharge
1988-11-15,0,Aquifer Recharge
1988-11-16,0,Aquifer Recharge
1988-11-17,0,Aquifer Recharge
1988-11-18,0,Aquifer Recharge
1988-11-19,0,Aquifer Recharge
1988-11-20,0,Aquifer Recharge
1988-11-21,0,Aquifer Recharge
1988-11-22,0,Aquifer Recharge
1988-11-23,0,Aquifer Recharge
1988-11-24,0,Aquifer Recharge
1988-11-25,0,Aquifer Recharge
1988-11-26,0,Aquifer Recharge
1988-11-27,0,Aquifer Recharge
1988-11-28,0,Aquifer Recharge
1988-11-29,0,Aquifer Recharge
1988-11-30,0,Aquifer Recharge
1988-12-01,0,Aquifer Recharge
1988-12-02,0,Aquifer Recharge
1988-12-03,0,Aquifer Recharge
1988-12-04,0,Aquifer Recharge
1988-12-05,0,Aquifer Recharge
1988-12-06,0,Aquifer Recharge
1988-12-07,0,Aquifer Recharge
1988-12-08,0,Aquifer Recharge
1988-12-09,0,Aquifer Recharge
1988-12-10,0,Aquifer Recharge
1988-12-11,0,Aquifer Recharge
1988-12-12,0,Aquifer Recharge
1988-12-13,0,Aquifer Recharge
1988-12-14,0,Aquifer Recharge
1988-12-15,0,Aquifer Recharge
1988-12-16,0,Aquifer Recharge
1988-12-17,0,Aquifer Recharge
1988-12-18,0,Aquifer Recharge
1988-12-19,0,Aquifer Recharge
1988-12-20,0,Aquifer Recharge
1988-12-21,0,Aquifer Recharge
1988-12-22,0,Aquifer Recharge
1988-12-23,0,Aquifer Recharge
1988-12-24,0,Aquifer Recharge
1988-12-25,0,Aquifer Recharge
1988-12-26,0,Aquifer Recharge
1988-12-27,0,Aquifer Recharge
1988-12-28,0,Aquifer Recharge
1988-12-29,0,Aquifer Recharge
1988-12-30,0,Aquifer Recharge
1988-12-31,0,Aquifer Recharge
1989-01-01,0,Aquifer Recharge
1989-01-02,0,Aquifer Recharge
1989-01-03,0,Aquifer Recharge
1989-01-04,0,Aquifer Recharge
1989-01-05,0,Aquifer Recharge
1989-01-06,0,Aquifer Recharge
1989-01-07,0,Aquifer Recharge
1989-01-08,0,Aquifer Recharge
1989-01-09,0,Aquifer Recharge
1989-01-10,0,Aquifer Recharge
1989-01-11,0,Aquifer Recharge
1989-01-12,0,Aquifer Recharge
1989-01-13,0,Aquifer Recharge
1989-01-14,0,Aquifer Recharge
1989-01-15,0,Aquifer Recharge
1989-01-16,0,Aquifer Recharge
1989-01-17,0,Aquifer Recharge
1989-01-18,0,Aquifer Recharge
1989-01-19,0,Aquifer Recharge
1989-01-20,0,Aquifer Recharge
1989-01-21,0,Aquifer Recharge
1989-01-22,0,Aquifer Recharge
1989-01-23,0,Aquifer Recharge
1989-01-24,0,Aquifer Recharge
1989-01-25,0,Aquifer Recharge
1989-01-26,0,Aquifer Recharge
1989-01-27,0,Aquifer Recharge
1989-01-28,0,Aquifer Recharge
1989-01-29,0,Aquifer Recharge
1989-01-30,0,Aquifer Recharge
1989-01-31,0,Aquifer Recharge
1989-02-01,0,Aquifer Recharge
1989-02-02,0,Aquifer Recharge
1989-02-03,0,Aquifer Recharge
1989-02-04,0,Aquifer Recharge
1989-02-05,0,Aquifer Recharge
1989-02-06,0,Aquifer Recharge
1989-02-07,0,Aquifer Recharge
1989-02-08,0,Aquifer Recharge
1989-02-09,0,Aquifer Recharge
1989-02-10,0,Aquifer Recharge
1989-02-11,0,Aquifer Recharge
1989-02-12,0,Aquifer Recharge
1989-02-13,0,Aquifer Recharge
1989-02-14,0,Aquifer Recharge
1989-02-15,0,Aquifer Recharge
1989-02-16,0,Aquifer Recharge
1989-02-17,0,Aquifer Recharge
1989-02-18,0,Aquifer Recharge
1989-02-19,0,Aquifer Recharge
1989-02-20,0,Aquifer Recharge
1989-02-21,0,Aquifer Recharge
1989-02-22,0,Aquifer Recharge
1989-02-23,0,Aquifer Recharge
1989-02-24,0,Aquifer Recharge
1989-02-25,0,Aquifer Recharge
1989-02-26,0,Aquifer Recharge
1989-02-27,0,Aquifer Recharge
1989-02-28,0,Aquifer Recharge
1989-03-01,0,Aquifer Recharge
1989-03-02,0,Aquifer Recharge
1989-03-03,0,Aquifer Recharge
1989-03-04,0,Aquifer Recharge
1989-03-05,0,Aquifer Recharge
1989-03-06,0,Aquifer Recharge
1989-03-07,0,Aquifer Recharge
1989-03-08,0,Aquifer Recharge
1989-03-09,0,Aquifer Recharge
1989-03-10,0,Aquifer Recharge
1989-03-11,0,Aquifer Recharge
1989-03-12,0,Aquifer Recharge
1989-03-13,0,Aquifer Recharge
1989-03-14,0,Aquifer Recharge
1989-03-15,0,Aquifer Recharge
1989-03-16,0,Aquifer Recharge
1989-03-17,0,Aquifer Recharge
1989-03-18,0,Aquifer Recharge
1989-03-19,0,Aquifer Recharge
1989-03-20,0,Aquifer Recharge
1989-03-21,0,Aquifer Recharge
1989-03-22,0,Aquifer Recharge
1989-03-23,0,Aquifer Recharge
1989-03-24,0,Aquifer Recharge
1989-03-25,0,Aquifer Recharge
1989-03-26,0,Aquifer Recharge
1989-03-27,0,Aquifer Recharge
1989-03-28,0,Aquifer Recharge
1989-03-29,0,Aquifer Recharge
1989-03-30,0,Aquifer Recharge
1989-03-31,0,Aquifer Recharge
1989-04-01,0,Aquifer Recharge
1989-04-02,0,Aquifer Recharge
1989-04-03,0,Aquifer Recharge
1989-04-04,0,Aquifer Recharge
1989-04-05,0,Aquifer Recharge
1989-04-06,0,Aquifer Recharge
1989-04-07,0,Aquifer Recharge
1989-04-08,0,Aquifer Recharge
1989-04-09,2.87,Aquifer Recharge
1989-04-10,0,Aquifer Recharge
1989-04-11,8.5,Aquifer Recharge
1989-04-12,10.81,Aquifer Recharge
1989-04-13,16.33,Aquifer Recharge
1989-04-14,16.33,Aquifer Recharge
1989-04-15,16.33,Aquifer Recharge
1989-04-16,16.33,Aquifer Recharge
1989-04-17,10.83,Aquifer Recharge
1989-04-18,10.83,Aquifer Recharge
1989-04-19,16.33,Aquifer Recharge
1989-04-20,16.33,Aquifer Recharge
1989-04-21,16.33,Aquifer Recharge
1989-04-22,16.33,Aquifer Recharge
1989-04-23,16.33,Aquifer Recharge
1989-04-24,16.33,Aquifer Recharge
1989-04-25,16.33,Aquifer Recharge
1989-04-26,16.33,Aquifer Recharge
1989-04-27,16.33,Aquifer Recharge
1989-04-28,16.33,Aquifer Recharge
1989-04-29,16.33,Aquifer Recharge
1989-04-30,16.33,Aquifer Recharge
1989-05-01,16.33,Aquifer Recharge
1989-05-02,16.33,Aquifer Recharge
1989-05-03,16.33,Aquifer Recharge
1989-05-04,16.33,Aquifer Recharge
1989-05-05,16.33,Aquifer Recharge
1989-05-06,16.33,Aquifer Recharge
1989-05-07,16.33,Aquifer Recharge
1989-05-08,16.33,Aquifer Recharge
1989-05-09,16.33,Aquifer Recharge
1989-05-10,16.33,Aquifer Recharge
1989-05-11,16.33,Aquifer Recharge
1989-05-12,16.33,Aquifer Recharge
1989-05-13,16.33,Aquifer Recharge
1989-05-14,16.33,Aquifer Recharge
1989-05-15,16.33,Aquifer Recharge
1989-05-16,16.33,Aquifer Recharge
1989-05-17,16.33,Aquifer Recharge
1989-05-18,16.33,Aquifer Recharge
1989-05-19,16.33,Aquifer Recharge
1989-05-20,16.33,Aquifer Recharge
1989-05-21,16.33,Aquifer Recharge
1989-05-22,16.33,Aquifer Recharge
1989-05-23,16.33,Aquifer Recharge
1989-05-24,16.33,Aquifer Recharge
1989-05-25,16.33,Aquifer Recharge
1989-05-26,16.33,Aquifer Recharge
1989-05-27,16.33,Aquifer Recharge
1989-05-28,16.33,Aquifer Recharge
1989-05-29,16.33,Aquifer Recharge
1989-05-30,16.33,Aquifer Recharge
1989-05-31,16.33,Aquifer Recharge
1989-06-01,16.33,Aquifer Recharge
1989-06-02,16.33,Aquifer Recharge
1989-06-03,16.33,Aquifer Recharge
1989-06-04,16.33,Aquifer Recharge
1989-06-05,16.33,Aquifer Recharge
1989-06-06,16.33,Aquifer Recharge
1989-06-07,16.33,Aquifer Recharge
1989-06-08,16.33,Aquifer Recharge
1989-06-09,16.33,Aquifer Recharge
1989-06-10,16.33,Aquifer Recharge
1989-06-11,16.33,Aquifer Recharge
1989-06-12,16.33,Aquifer Recharge
1989-06-13,16.33,Aquifer Recharge
1989-06-14,16.33,Aquifer Recharge
1989-06-15,16.33,Aquifer Recharge
1989-06-16,16.33,Aquifer Recharge
1989-06-17,16.33,Aquifer Recharge
1989-06-18,16.33,Aquifer Recharge
1989-06-19,16.33,Aquifer Recharge
1989-06-20,16.33,Aquifer Recharge
1989-06-21,16.33,Aquifer Recharge
1989-06-22,16.33,Aquifer Recharge
1989-06-23,16.33,Aquifer Recharge
1989-06-24,16.33,Aquifer Recharge
1989-06-25,16.33,Aquifer Recharge
1989-06-26,16.33,Aquifer Recharge
1989-06-27,16.33,Aquifer Recharge
1989-06-28,16.33,Aquifer Recharge
1989-06-29,16.33,Aquifer Recharge
1989-06-30,16.33,Aquifer Recharge
1989-07-01,16.33,Aquifer Recharge
1989-07-02,16.33,Aquifer Recharge
1989-07-03,16.33,Aquifer Recharge
1989-07-04,16.33,Aquifer Recharge
1989-07-05,16.33,Aquifer Recharge
1989-07-06,16.33,Aquifer Recharge
1989-07-07,16.33,Aquifer Recharge
1989-07-08,16.33,Aquifer Recharge
1989-07-09,16.33,Aquifer Recharge
1989-07-10,16.33,Aquifer Recharge
1989-07-11,16.33,Aquifer Recharge
1989-07-12,16.33,Aquifer Recharge
1989-07-13,16.33,Aquifer Recharge
1989-07-14,16.33,Aquifer Recharge
1989-07-15,16.33,Aquifer Recharge
1989-07-16,16.33,Aquifer Recharge
1989-07-17,16.33,Aquifer Recharge
1989-07-18,16.33,Aquifer Recharge
1989-07-19,16.33,Aquifer Recharge
1989-07-20,16.33,Aquifer Recharge
1989-07-21,16.33,Aquifer Recharge
1989-07-22,16.33,Aquifer Recharge
1989-07-23,16.33,Aquifer Recharge
1989-07-24,16.33,Aquifer Recharge
1989-07-25,16.33,Aquifer Recharge
1989-07-26,16.33,Aquifer Recharge
1989-07-27,16.33,Aquifer Recharge
1989-07-28,16.33,Aquifer Recharge
1989-07-29,16.33,Aquifer Recharge
1989-07-30,16.33,Aquifer Recharge
1989-07-31,16.33,Aquifer Recharge
1989-08-01,16.33,Aquifer Recharge
1989-08-02,16.33,Aquifer Recharge
1989-08-03,16.33,Aquifer Recharge
1989-08-04,16.33,Aquifer Recharge
1989-08-05,16.33,Aquifer Recharge
1989-08-06,16.33,Aquifer Recharge
1989-08-07,16.33,Aquifer Recharge
1989-08-08,16.33,Aquifer Recharge
1989-08-09,16.33,Aquifer Recharge
1989-08-10,16.33,Aquifer Recharge
1989-08-11,16.33,Aquifer Recharge
1989-08-12,16.33,Aquifer Recharge
1989-08-13,16.33,Aquifer Recharge
1989-08-14,16.33,Aquifer Recharge
1989-08-15,16.33,Aquifer Recharge
1989-08-16,16.33,Aquifer Recharge
1989-08-17,16.33,Aquifer Recharge
1989-08-18,16.33,Aquifer Recharge
1989-08-19,16.33,Aquifer Recharge
1989-08-20,16.33,Aquifer Recharge
1989-08-21,16.33,Aquifer Recharge
1989-08-22,16.33,Aquifer Recharge
1989-08-23,16.33,Aquifer Recharge
1989-08-24,16.33,Aquifer Recharge
1989-08-25,16.33,Aquifer Recharge
1989-08-26,16.33,Aquifer Recharge
1989-08-27,16.33,Aquifer Recharge
1989-08-28,16.33,Aquifer Recharge
1989-08-29,16.33,Aquifer Recharge
1989-08-30,16.33,Aquifer Recharge
1989-08-31,16.33,Aquifer Recharge
1989-09-01,16.33,Aquifer Recharge
1989-09-02,16.33,Aquifer Recharge
1989-09-03,16.33,Aquifer Recharge
1989-09-04,16.33,Aquifer Recharge
1989-09-05,16.33,Aquifer Recharge
1989-09-06,16.33,Aquifer Recharge
1989-09-07,16.33,Aquifer Recharge
1989-09-08,16.33,Aquifer Recharge
1989-09-09,16.33,Aquifer Recharge
1989-09-10,16.33,Aquifer Recharge
1989-09-11,16.33,Aquifer Recharge
1989-09-12,16.33,Aquifer Recharge
1989-09-13,16.33,Aquifer Recharge
1989-09-14,16.33,Aquifer Recharge
1989-09-15,16.33,Aquifer Recharge
1989-09-16,13.76,Aquifer Recharge
1989-09-17,0,Aquifer Recharge
1989-09-18,0,Aquifer Recharge
1989-09-19,0,Aquifer Recharge
1989-09-20,0,Aquifer Recharge
1989-09-21,0,Aquifer Recharge
1989-09-22,0,Aquifer Recharge
1989-09-23,0,Aquifer Recharge
1989-09-24,0,Aquifer Recharge
1989-09-25,0,Aquifer Recharge
1989-09-26,0,Aquifer Recharge
1989-09-27,0,Aquifer Recharge
1989-09-28,0,Aquifer Recharge
1989-09-29,0,Aquifer Recharge
1989-09-30,0,Aquifer Recharge
1989-10-01,0,Aquifer Recharge
1989-10-02,0,Aquifer Recharge
1989-10-03,0,Aquifer Recharge
1989-10-04,0,Aquifer Recharge
1989-10-05,0,Aquifer Recharge
1989-10-06,0,Aquifer Recharge
1989-10-07,0,Aquifer Recharge
1989-10-08,0,Aquifer Recharge
1989-10-09,0,Aquifer Recharge
1989-10-10,0,Aquifer Recharge
1989-10-11,0,Aquifer Recharge
1989-10-12,0,Aquifer Recharge
1989-10-13,0,Aquifer Recharge
1989-10-14,0,Aquifer Recharge
1989-10-15,0,Aquifer Recharge
1989-10-16,0,Aquifer Recharge
1989-10-17,0,Aquifer Recharge
1989-10-18,0,Aquifer Recharge
1989-10-19,0,Aquifer Recharge
1989-10-20,0,Aquifer Recharge
1989-10-21,0,Aquifer Recharge
1989-10-22,0,Aquifer Recharge
1989-10-23,0,Aquifer Recharge
1989-10-24,0,Aquifer Recharge
1989-10-25,0,Aquifer Recharge
1989-10-26,0,Aquifer Recharge
1989-10-27,0,Aquifer Recharge
1989-10-28,0,Aquifer Recharge
1989-10-29,0,Aquifer Recharge
1989-10-30,0,Aquifer Recharge
1989-10-31,0,Aquifer Recharge
1989-11-01,0,Aquifer Recharge
1989-11-02,0,Aquifer Recharge
1989-11-03,0,Aquifer Recharge
1989-11-04,0,Aquifer Recharge
1989-11-05,0,Aquifer Recharge
1989-11-06,0,Aquifer Recharge
1989-11-07,0,Aquifer Recharge
1989-11-08,0,Aquifer Recharge
1989-11-09,0,Aquifer Recharge
1989-11-10,0,Aquifer Recharge
1989-11-11,0,Aquifer Recharge
1989-11-12,0,Aquifer Recharge
1989-11-13,0,Aquifer Recharge
1989-11-14,0,Aquifer Recharge
1989-11-15,0,Aquifer Recharge
1989-11-16,0,Aquifer Recharge
1989-11-17,0,Aquifer Recharge
1989-11-18,0,Aquifer Recharge
1989-11-19,0,Aquifer Recharge
1989-11-20,0,Aquifer Recharge
1989-11-21,0,Aquifer Recharge
1989-11-22,0,Aquifer Recharge
1989-11-23,0,Aquifer Recharge
1989-11-24,0,Aquifer Recharge
1989-11-25,0,Aquifer Recharge
1989-11-26,0,Aquifer Recharge
1989-11-27,0,Aquifer Recharge
1989-11-28,0,Aquifer Recharge
1989-11-29,0,Aquifer Recharge
1989-11-30,0,Aquifer Recharge
1989-12-01,0,Aquifer Recharge
1989-12-02,0,Aquifer Recharge
1989-12-03,0,Aquifer Recharge
1989-12-04,0,Aquifer Recharge
1989-12-05,0,Aquifer Recharge
1989-12-06,0,Aquifer Recharge
1989-12-07,0,Aquifer Recharge
1989-12-08,0,Aquifer Recharge
1989-12-09,0,Aquifer Recharge
1989-12-10,0,Aquifer Recharge
1989-12-11,0,Aquifer Recharge
1989-12-12,0,Aquifer Recharge
1989-12-13,0,Aquifer Recharge
1989-12-14,0,Aquifer Recharge
1989-12-15,0,Aquifer Recharge
1989-12-16,0,Aquifer Recharge
1989-12-17,0,Aquifer Recharge
1989-12-18,0,Aquifer Recharge
1989-12-19,0,Aquifer Recharge
1989-12-20,0,Aquifer Recharge
1989-12-21,0,Aquifer Recharge
1989-12-22,0,Aquifer Recharge
1989-12-23,0,Aquifer Recharge
1989-12-24,0,Aquifer Recharge
1989-12-25,0,Aquifer Recharge
1989-12-26,0,Aquifer Recharge
1989-12-27,0,Aquifer Recharge
1989-12-28,0,Aquifer Recharge
1989-12-29,0,Aquifer Recharge
1989-12-30,0,Aquifer Recharge
1989-12-31,0,Aquifer Recharge
1988-01-01,2.79,Recharge Return to Surface Water
1988-01-02,2.75,Recharge Return to Surface Water
1988-01-03,2.71,Recharge Return to Surface Water
1988-01-04,2.68,Recharge Return to Surface Water
1988-01-05,2.64,Recharge Return to Surface Water
1988-01-06,2.61,Recharge Return to Surface Water
1988-01-07,2.57,Recharge Return to Surface Water
1988-01-08,2.54,Recharge Return to Surface Water
1988-01-09,2.5,Recharge Return to Surface Water
1988-01-10,2.47,Recharge Return to Surface Water
1988-01-11,2.44,Recharge Return to Surface Water
1988-01-12,2.4,Recharge Return to Surface Water
1988-01-13,2.37,Recharge Return to Surface Water
1988-01-14,2.34,Recharge Return to Surface Water
1988-01-15,2.31,Recharge Return to Surface Water
1988-01-16,2.28,Recharge Return to Surface Water
1988-01-17,2.25,Recharge Return to Surface Water
1988-01-18,2.22,Recharge Return to Surface Water
1988-01-19,2.19,Recharge Return to Surface Water
1988-01-20,2.16,Recharge Return to Surface Water
1988-01-21,2.13,Recharge Return to Surface Water
1988-01-22,2.1,Recharge Return to Surface Water
1988-01-23,2.08,Recharge Return to Surface Water
1988-01-24,2.05,Recharge Return to Surface Water
1988-01-25,2.02,Recharge Return to Surface Water
1988-01-26,2,Recharge Return to Surface Water
1988-01-27,1.97,Recharge Return to Surface Water
1988-01-28,1.94,Recharge Return to Surface Water
1988-01-29,1.92,Recharge Return to Surface Water
1988-01-30,1.89,Recharge Return to Surface Water
1988-01-31,1.87,Recharge Return to Surface Water
1988-02-01,1.84,Recharge Return to Surface Water
1988-02-02,1.82,Recharge Return to Surface Water
1988-02-03,1.79,Recharge Return to Surface Water
1988-02-04,1.77,Recharge Return to Surface Water
1988-02-05,1.75,Recharge Return to Surface Water
1988-02-06,1.72,Recharge Return to Surface Water
1988-02-07,1.7,Recharge Return to Surface Water
1988-02-08,1.68,Recharge Return to Surface Water
1988-02-09,1.66,Recharge Return to Surface Water
1988-02-10,1.64,Recharge Return to Surface Water
1988-02-11,1.61,Recharge Return to Surface Water
1988-02-12,1.59,Recharge Return to Surface Water
1988-02-13,1.57,Recharge Return to Surface Water
1988-02-14,1.55,Recharge Return to Surface Water
1988-02-15,1.53,Recharge Return to Surface Water
1988-02-16,1.51,Recharge Return to Surface Water
1988-02-17,1.49,Recharge Return to Surface Water
1988-02-18,1.47,Recharge Return to Surface Water
1988-02-19,1.45,Recharge Return to Surface Water
1988-02-20,1.43,Recharge Return to Surface Water
1988-02-21,1.41,Recharge Return to Surface Water
1988-02-22,1.39,Recharge Return to Surface Water
1988-02-23,1.37,Recharge Return to Surface Water
1988-02-24,1.36,Recharge Return to Surface Water
1988-02-25,1.34,Recharge Return to Surface Water
1988-02-26,1.32,Recharge Return to Surface Water
1988-02-27,1.3,Recharge Return to Surface Water
1988-02-28,1.29,Recharge Return to Surface Water
1988-02-29,1.27,Recharge Return to Surface Water
1988-03-01,1.25,Recharge Return to Surface Water
1988-03-02,1.24,Recharge Return to Surface Water
1988-03-03,1.22,Recharge Return to Surface Water
1988-03-04,1.2,Recharge Return to Surface Water
1988-03-05,1.19,Recharge Return to Surface Water
1988-03-06,1.17,Recharge Return to Surface Water
1988-03-07,1.15,Recharge Return to Surface Water
1988-03-08,1.14,Recharge Return to Surface Water
1988-03-09,1.13,Recharge Return to Surface Water
1988-03-10,1.11,Recharge Return to Surface Water
1988-03-11,1.09,Recharge Return to Surface Water
1988-03-12,1.08,Recharge Return to Surface Water
1988-03-13,1.07,Recharge Return to Surface Water
1988-03-14,1.05,Recharge Return to Surface Water
1988-03-15,1.04,Recharge Return to Surface Water
1988-03-16,1.02,Recharge Return to Surface Water
1988-03-17,1.01,Recharge Return to Surface Water
1988-03-18,1,Recharge Return to Surface Water
1988-03-19,0.99,Recharge Return to Surface Water
1988-03-20,0.97,Recharge Return to Surface Water
1988-03-21,0.96,Recharge Return to Surface Water
1988-03-22,0.95,Recharge Return to Surface Water
1988-03-23,0.94,Recharge Return to Surface Water
1988-03-24,0.92,Recharge Return to Surface Water
1988-03-25,0.91,Recharge Return to Surface Water
1988-03-26,0.9,Recharge Return to Surface Water
1988-03-27,0.89,Recharge Return to Surface Water
1988-03-28,0.88,Recharge Return to Surface Water
1988-03-29,0.86,Recharge Return to Surface Water
1988-03-30,0.85,Recharge Return to Surface Water
1988-03-31,0.84,Recharge Return to Surface Water
1988-04-01,0.83,Recharge Return to Surface Water
1988-04-02,0.82,Recharge Return to Surface Water
1988-04-03,0.81,Recharge Return to Surface Water
1988-04-04,1.72,Recharge Return to Surface Water
1988-04-05,2.47,Recharge Return to Surface Water
1988-04-06,2.96,Recharge Return to Surface Water
1988-04-07,2.84,Recharge Return to Surface Water
1988-04-08,2.86,Recharge Return to Surface Water
1988-04-09,3.04,Recharge Return to Surface Water
1988-04-10,3.2,Recharge Return to Surface Water
1988-04-11,3.34,Recharge Return to Surface Water
1988-04-12,3.81,Recharge Return to Surface Water
1988-04-13,4.2,Recharge Return to Surface Water
1988-04-14,4.52,Recharge Return to Surface Water
1988-04-15,4.63,Recharge Return to Surface Water
1988-04-16,4.87,Recharge Return to Surface Water
1988-04-17,5.16,Recharge Return to Surface Water
1988-04-18,5.37,Recharge Return to Surface Water
1988-04-19,5.58,Recharge Return to Surface Water
1988-04-20,5.76,Recharge Return to Surface Water
1988-04-21,5.93,Recharge Return to Surface Water
1988-04-22,6.11,Recharge Return to Surface Water
1988-04-23,6.29,Recharge Return to Surface Water
1988-04-24,6.43,Recharge Return to Surface Water
1988-04-25,6.6,Recharge Return to Surface Water
1988-04-26,6.75,Recharge Return to Surface Water
1988-04-27,6.89,Recharge Return to Surface Water
1988-04-28,7.03,Recharge Return to Surface Water
1988-04-29,7.17,Recharge Return to Surface Water
1988-04-30,7.31,Recharge Return to Surface Water
1988-05-01,7.45,Recharge Return to Surface Water
1988-05-02,7.56,Recharge Return to Surface Water
1988-05-03,7.7,Recharge Return to Surface Water
1988-05-04,7.8,Recharge Return to Surface Water
1988-05-05,7.95,Recharge Return to Surface Water
1988-05-06,8.05,Recharge Return to Surface Water
1988-05-07,8.19,Recharge Return to Surface Water
1988-05-08,8.3,Recharge Return to Surface Water
1988-05-09,8.4,Recharge Return to Surface Water
1988-05-10,8.51,Recharge Return to Surface Water
1988-05-11,8.65,Recharge Return to Surface Water
1988-05-12,8.76,Recharge Return to Surface Water
1988-05-13,8.86,Recharge Return to Surface Water
1988-05-14,8.97,Recharge Return to Surface Water
1988-05-15,9.04,Recharge Return to Surface Water
1988-05-16,9.15,Recharge Return to Surface Water
1988-05-17,9.25,Recharge Return to Surface Water
1988-05-18,9.36,Recharge Return to Surface Water
1988-05-19,9.46,Recharge Return to Surface Water
1988-05-20,9.53,Recharge Return to Surface Water
1988-05-21,9.64,Recharge Return to Surface Water
1988-05-22,9.75,Recharge Return to Surface Water
1988-05-23,9.82,Recharge Return to Surface Water
1988-05-24,9.92,Recharge Return to Surface Water
1988-05-25,9.99,Recharge Return to Surface Water
1988-05-26,10.1,Recharge Return to Surface Water
1988-05-27,10.17,Recharge Return to Surface Water
1988-05-28,10.28,Recharge Return to Surface Water
1988-05-29,10.35,Recharge Return to Surface Water
1988-05-30,10.42,Recharge Return to Surface Water
1988-05-31,10.52,Recharge Return to Surface Water
1988-06-01,10.59,Recharge Return to Surface Water
1988-06-02,10.67,Recharge Return to Surface Water
1988-06-03,10.74,Recharge Return to Surface Water
1988-06-04,10.81,Recharge Return to Surface Water
1988-06-05,10.91,Recharge Return to Surface Water
1988-06-06,10.98,Recharge Return to Surface Water
1988-06-07,11.05,Recharge Return to Surface Water
1988-06-08,11.12,Recharge Return to Surface Water
1988-06-09,11.19,Recharge Return to Surface Water
1988-06-10,11.27,Recharge Return to Surface Water
1988-06-11,11.34,Recharge Return to Surface Water
1988-06-12,11.41,Recharge Return to Surface Water
1988-06-13,11.48,Recharge Return to Surface Water
1988-06-14,11.55,Recharge Return to Surface Water
1988-06-15,11.62,Recharge Return to Surface Water
1988-06-16,11.69,Recharge Return to Surface Water
1988-06-17,11.72,Recharge Return to Surface Water
1988-06-18,11.8,Recharge Return to Surface Water
1988-06-19,11.87,Recharge Return to Surface Water
1988-06-20,11.94,Recharge Return to Surface Water
1988-06-21,11.97,Recharge Return to Surface Water
1988-06-22,12.04,Recharge Return to Surface Water
1988-06-23,12.11,Recharge Return to Surface Water
1988-06-24,12.18,Recharge Return to Surface Water
1988-06-25,12.22,Recharge Return to Surface Water
1988-06-26,12.29,Recharge Return to Surface Water
1988-06-27,12.32,Recharge Return to Surface Water
1988-06-28,12.4,Recharge Return to Surface Water
1988-06-29,12.47,Recharge Return to Surface Water
1988-06-30,12.5,Recharge Return to Surface Water
1988-07-01,12.57,Recharge Return to Surface Water
1988-07-02,12.61,Recharge Return to Surface Water
1988-07-03,12.68,Recharge Return to Surface Water
1988-07-04,12.71,Recharge Return to Surface Water
1988-07-05,12.78,Recharge Return to Surface Water
1988-07-06,12.82,Recharge Return to Surface Water
1988-07-07,12.85,Recharge Return to Surface Water
1988-07-08,12.93,Recharge Return to Surface Water
1988-07-09,12.96,Recharge Return to Surface Water
1988-07-10,13,Recharge Return to Surface Water
1988-07-11,13.07,Recharge Return to Surface Water
1988-07-12,13.1,Recharge Return to Surface Water
1988-07-13,13.14,Recharge Return to Surface Water
1988-07-14,13.21,Recharge Return to Surface Water
1988-07-15,13.24,Recharge Return to Surface Water
1988-07-16,13.28,Recharge Return to Surface Water
1988-07-17,13.31,Recharge Return to Surface Water
1988-07-18,13.38,Recharge Return to Surface Water
1988-07-19,13.42,Recharge Return to Surface Water
1988-07-20,13.45,Recharge Return to Surface Water
1988-07-21,13.49,Recharge Return to Surface Water
1988-07-22,13.53,Recharge Return to Surface Water
1988-07-23,13.56,Recharge Return to Surface Water
1988-07-24,13.63,Recharge Return to Surface Water
1988-07-25,13.67,Recharge Return to Surface Water
1988-07-26,13.7,Recharge Return to Surface Water
1988-07-27,13.74,Recharge Return to Surface Water
1988-07-28,13.77,Recharge Return to Surface Water
1988-07-29,13.81,Recharge Return to Surface Water
1988-07-30,13.84,Recharge Return to Surface Water
1988-07-31,13.88,Recharge Return to Surface Water
1988-08-01,13.91,Recharge Return to Surface Water
1988-08-02,13.95,Recharge Return to Surface Water
1988-08-03,13.98,Recharge Return to Surface Water
1988-08-04,14.02,Recharge Return to Surface Water
1988-08-05,14.06,Recharge Return to Surface Water
1988-08-06,14.09,Recharge Return to Surface Water
1988-08-07,14.13,Recharge Return to Surface Water
1988-08-08,14.16,Recharge Return to Surface Water
1988-08-09,14.2,Recharge Return to Surface Water
1988-08-10,14.23,Recharge Return to Surface Water
1988-08-11,14.23,Recharge Return to Surface Water
1988-08-12,14.27,Recharge Return to Surface Water
1988-08-13,14.3,Recharge Return to Surface Water
1988-08-14,14.34,Recharge Return to Surface Water
1988-08-15,14.37,Recharge Return to Surface Water
1988-08-16,14.41,Recharge Return to Surface Water
1988-08-17,14.41,Recharge Return to Surface Water
1988-08-18,14.44,Recharge Return to Surface Water
1988-08-19,14.48,Recharge Return to Surface Water
1988-08-20,14.51,Recharge Return to Surface Water
1988-08-21,14.55,Recharge Return to Surface Water
1988-08-22,14.55,Recharge Return to Surface Water
1988-08-23,14.58,Recharge Return to Surface Water
1988-08-24,14.62,Recharge Return to Surface Water
1988-08-25,14.66,Recharge Return to Surface Water
1988-08-26,14.66,Recharge Return to Surface Water
1988-08-27,14.69,Recharge Return to Surface Water
1988-08-28,14.73,Recharge Return to Surface Water
1988-08-29,14.73,Recharge Return to Surface Water
1988-08-30,14.76,Recharge Return to Surface Water
1988-08-31,14.8,Recharge Return to Surface Water
1988-09-01,14.8,Recharge Return to Surface Water
1988-09-02,14.83,Recharge Return to Surface Water
1988-09-03,14.87,Recharge Return to Surface Water
1988-09-04,14.87,Recharge Return to Surface Water
1988-09-05,14.9,Recharge Return to Surface Water
1988-09-06,14.94,Recharge Return to Surface Water
1988-09-07,14.94,Recharge Return to Surface Water
1988-09-08,14.97,Recharge Return to Surface Water
1988-09-09,14.09,Recharge Return to Surface Water
1988-09-10,13.35,Recharge Return to Surface Water
1988-09-11,12.85,Recharge Return to Surface Water
1988-09-12,12.47,Recharge Return to Surface Water
1988-09-13,12.15,Recharge Return to Surface Water
1988-09-14,11.87,Recharge Return to Surface Water
1988-09-15,11.58,Recharge Return to Surface Water
1988-09-16,11.34,Recharge Return to Surface Water
1988-09-17,11.12,Recharge Return to Surface Water
1988-09-18,10.91,Recharge Return to Surface Water
1988-09-19,10.74,Recharge Return to Surface Water
1988-09-20,10.52,Recharge Return to Surface Water
1988-09-21,10.35,Recharge Return to Surface Water
1988-09-22,10.17,Recharge Return to Surface Water
1988-09-23,9.99,Recharge Return to Surface Water
1988-09-24,9.85,Recharge Return to Surface Water
1988-09-25,9.71,Recharge Return to Surface Water
1988-09-26,9.53,Recharge Return to Surface Water
1988-09-27,9.39,Recharge Return to Surface Water
1988-09-28,9.25,Recharge Return to Surface Water
1988-09-29,9.11,Recharge Return to Surface Water
1988-09-30,9.01,Recharge Return to Surface Water
1988-10-01,8.86,Recharge Return to Surface Water
1988-10-02,8.72,Recharge Return to Surface Water
1988-10-03,8.62,Recharge Return to Surface Water
1988-10-04,8.48,Recharge Return to Surface Water
1988-10-05,8.37,Recharge Return to Surface Water
1988-10-06,8.26,Recharge Return to Surface Water
1988-10-07,8.12,Recharge Return to Surface Water
1988-10-08,8.02,Recharge Return to Surface Water
1988-10-09,7.91,Recharge Return to Surface Water
1988-10-10,7.8,Recharge Return to Surface Water
1988-10-11,7.7,Recharge Return to Surface Water
1988-10-12,7.59,Recharge Return to Surface Water
1988-10-13,7.49,Recharge Return to Surface Water
1988-10-14,7.38,Recharge Return to Surface Water
1988-10-15,7.27,Recharge Return to Surface Water
1988-10-16,7.2,Recharge Return to Surface Water
1988-10-17,7.1,Recharge Return to Surface Water
1988-10-18,6.99,Recharge Return to Surface Water
1988-10-19,6.89,Recharge Return to Surface Water
1988-10-20,6.82,Recharge Return to Surface Water
1988-10-21,6.71,Recharge Return to Surface Water
1988-10-22,6.64,Recharge Return to Surface Water
1988-10-23,6.53,Recharge Return to Surface Water
1988-10-24,6.46,Recharge Return to Surface Water
1988-10-25,6.36,Recharge Return to Surface Water
1988-10-26,6.29,Recharge Return to Surface Water
1988-10-27,6.22,Recharge Return to Surface Water
1988-10-28,6.11,Recharge Return to Surface Water
1988-10-29,6.04,Recharge Return to Surface Water
1988-10-30,5.97,Recharge Return to Surface Water
1988-10-31,5.86,Recharge Return to Surface Water
1988-11-01,5.79,Recharge Return to Surface Water
1988-11-02,5.72,Recharge Return to Surface Water
1988-11-03,5.65,Recharge Return to Surface Water
1988-11-04,5.58,Recharge Return to Surface Water
1988-11-05,5.51,Recharge Return to Surface Water
1988-11-06,5.44,Recharge Return to Surface Water
1988-11-07,5.37,Recharge Return to Surface Water
1988-11-08,5.3,Recharge Return to Surface Water
1988-11-09,5.23,Recharge Return to Surface Water
1988-11-10,5.16,Recharge Return to Surface Water
1988-11-11,5.09,Recharge Return to Surface Water
1988-11-12,5.01,Recharge Return to Surface Water
1988-11-13,4.94,Recharge Return to Surface Water
1988-11-14,4.87,Recharge Return to Surface Water
1988-11-15,4.8,Recharge Return to Surface Water
1988-11-16,4.73,Recharge Return to Surface Water
1988-11-17,4.7,Recharge Return to Surface Water
1988-11-18,4.63,Recharge Return to Surface Water
1988-11-19,4.56,Recharge Return to Surface Water
1988-11-20,4.48,Recharge Return to Surface Water
1988-11-21,4.45,Recharge Return to Surface Water
1988-11-22,4.38,Recharge Return to Surface Water
1988-11-23,4.31,Recharge Return to Surface Water
1988-11-24,4.27,Recharge Return to Surface Water
1988-11-25,4.2,Recharge Return to Surface Water
1988-11-26,4.17,Recharge Return to Surface Water
1988-11-27,4.1,Recharge Return to Surface Water
1988-11-28,4.06,Recharge Return to Surface Water
1988-11-29,3.99,Recharge Return to Surface Water
1988-11-30,3.96,Recharge Return to Surface Water
1988-12-01,3.88,Recharge Return to Surface Water
1988-12-02,3.85,Recharge Return to Surface Water
1988-12-03,3.78,Recharge Return to Surface Water
1988-12-04,3.74,Recharge Return to Surface Water
1988-12-05,3.67,Recharge Return to Surface Water
1988-12-06,3.64,Recharge Return to Surface Water
1988-12-07,3.6,Recharge Return to Surface Water
1988-12-08,3.53,Recharge Return to Surface Water
1988-12-09,3.5,Recharge Return to Surface Water
1988-12-10,3.45,Recharge Return to Surface Water
1988-12-11,3.4,Recharge Return to Surface Water
1988-12-12,3.36,Recharge Return to Surface Water
1988-12-13,3.31,Recharge Return to Surface Water
1988-12-14,3.27,Recharge Return to Surface Water
1988-12-15,3.23,Recharge Return to Surface Water
1988-12-16,3.18,Recharge Return to Surface Water
1988-12-17,3.14,Recharge Return to Surface Water
1988-12-18,3.1,Recharge Return to Surface Water
1988-12-19,3.06,Recharge Return to Surface Water
1988-12-20,3.02,Recharge Return to Surface Water
1988-12-21,2.98,Recharge Return to Surface Water
1988-12-22,2.94,Recharge Return to Surface Water
1988-12-23,2.9,Recharge Return to Surface Water
1988-12-24,2.86,Recharge Return to Surface Water
1988-12-25,2.83,Recharge Return to Surface Water
1988-12-26,2.79,Recharge Return to Surface Water
1988-12-27,2.75,Recharge Return to Surface Water
1988-12-28,2.71,Recharge Return to Surface Water
1988-12-29,2.68,Recharge Return to Surface Water
1988-12-30,2.64,Recharge Return to Surface Water
1988-12-31,2.61,Recharge Return to Surface Water
1989-01-01,2.53,Recharge Return to Surface Water
1989-01-02,2.49,Recharge Return to Surface Water
1989-01-03,2.46,Recharge Return to Surface Water
1989-01-04,2.43,Recharge Return to Surface Water
1989-01-05,2.4,Recharge Return to Surface Water
1989-01-06,2.37,Recharge Return to Surface Water
1989-01-07,2.33,Recharge Return to Surface Water
1989-01-08,2.3,Recharge Return to Surface Water
1989-01-09,2.27,Recharge Return to Surface Water
1989-01-10,2.24,Recharge Return to Surface Water
1989-01-11,2.21,Recharge Return to Surface Water
1989-01-12,2.18,Recharge Return to Surface Water
1989-01-13,2.15,Recharge Return to Surface Water
1989-01-14,2.13,Recharge Return to Surface Water
1989-01-15,2.1,Recharge Return to Surface Water
1989-01-16,2.07,Recharge Return to Surface Water
1989-01-17,2.04,Recharge Return to Surface Water
1989-01-18,2.02,Recharge Return to Surface Water
1989-01-19,1.99,Recharge Return to Surface Water
1989-01-20,1.96,Recharge Return to Surface Water
1989-01-21,1.94,Recharge Return to Surface Water
1989-01-22,1.91,Recharge Return to Surface Water
1989-01-23,1.89,Recharge Return to Surface Water
1989-01-24,1.86,Recharge Return to Surface Water
1989-01-25,1.84,Recharge Return to Surface Water
1989-01-26,1.81,Recharge Return to Surface Water
1989-01-27,1.79,Recharge Return to Surface Water
1989-01-28,1.77,Recharge Return to Surface Water
1989-01-29,1.74,Recharge Return to Surface Water
1989-01-30,1.72,Recharge Return to Surface Water
1989-01-31,1.7,Recharge Return to Surface Water
1989-02-01,1.67,Recharge Return to Surface Water
1989-02-02,1.65,Recharge Return to Surface Water
1989-02-03,1.63,Recharge Return to Surface Water
1989-02-04,1.61,Recharge Return to Surface Water
1989-02-05,1.59,Recharge Return to Surface Water
1989-02-06,1.56,Recharge Return to Surface Water
1989-02-07,1.54,Recharge Return to Surface Water
1989-02-08,1.53,Recharge Return to Surface Water
1989-02-09,1.5,Recharge Return to Surface Water
1989-02-10,1.48,Recharge Return to Surface Water
1989-02-11,1.47,Recharge Return to Surface Water
1989-02-12,1.44,Recharge Return to Surface Water
1989-02-13,1.43,Recharge Return to Surface Water
1989-02-14,1.41,Recharge Return to Surface Water
1989-02-15,1.39,Recharge Return to Surface Water
1989-02-16,1.37,Recharge Return to Surface Water
1989-02-17,1.35,Recharge Return to Surface Water
1989-02-18,1.33,Recharge Return to Surface Water
1989-02-19,1.32,Recharge Return to Surface Water
1989-02-20,1.3,Recharge Return to Surface Water
1989-02-21,1.28,Recharge Return to Surface Water
1989-02-22,1.26,Recharge Return to Surface Water
1989-02-23,1.25,Recharge Return to Surface Water
1989-02-24,1.23,Recharge Return to Surface Water
1989-02-25,1.21,Recharge Return to Surface Water
1989-02-26,1.2,Recharge Return to Surface Water
1989-02-27,1.18,Recharge Return to Surface Water
1989-02-28,1.17,Recharge Return to Surface Water
1989-03-01,1.15,Recharge Return to Surface Water
1989-03-02,1.14,Recharge Return to Surface Water
1989-03-03,1.12,Recharge Return to Surface Water
1989-03-04,1.11,Recharge Return to Surface Water
1989-03-05,1.09,Recharge Return to Surface Water
1989-03-06,1.08,Recharge Return to Surface Water
1989-03-07,1.06,Recharge Return to Surface Water
1989-03-08,1.05,Recharge Return to Surface Water
1989-03-09,1.03,Recharge Return to Surface Water
1989-03-10,1.02,Recharge Return to Surface Water
1989-03-11,1.01,Recharge Return to Surface Water
1989-03-12,1,Recharge Return to Surface Water
1989-03-13,0.98,Recharge Return to Surface Water
1989-03-14,0.97,Recharge Return to Surface Water
1989-03-15,0.96,Recharge Return to Surface Water
1989-03-16,0.94,Recharge Return to Surface Water
1989-03-17,0.93,Recharge Return to Surface Water
1989-03-18,0.92,Recharge Return to Surface Water
1989-03-19,0.91,Recharge Return to Surface Water
1989-03-20,0.89,Recharge Return to Surface Water
1989-03-21,0.88,Recharge Return to Surface Water
1989-03-22,0.87,Recharge Return to Surface Water
1989-03-23,0.86,Recharge Return to Surface Water
1989-03-24,0.85,Recharge Return to Surface Water
1989-03-25,0.84,Recharge Return to Surface Water
1989-03-26,0.83,Recharge Return to Surface Water
1989-03-27,0.82,Recharge Return to Surface Water
1989-03-28,0.81,Recharge Return to Surface Water
1989-03-29,0.79,Recharge Return to Surface Water
1989-03-30,0.78,Recharge Return to Surface Water
1989-03-31,0.77,Recharge Return to Surface Water
1989-04-01,0.76,Recharge Return to Surface Water
1989-04-02,0.75,Recharge Return to Surface Water
1989-04-03,0.74,Recharge Return to Surface Water
1989-04-04,0.73,Recharge Return to Surface Water
1989-04-05,0.72,Recharge Return to Surface Water
1989-04-06,0.71,Recharge Return to Surface Water
1989-04-07,0.7,Recharge Return to Surface Water
1989-04-08,0.69,Recharge Return to Surface Water
1989-04-09,0.84,Recharge Return to Surface Water
1989-04-10,0.8,Recharge Return to Surface Water
1989-04-11,1.21,Recharge Return to Surface Water
1989-04-12,1.71,Recharge Return to Surface Water
1989-04-13,2.36,Recharge Return to Surface Water
1989-04-14,2.87,Recharge Return to Surface Water
1989-04-15,3.25,Recharge Return to Surface Water
1989-04-16,3.57,Recharge Return to Surface Water
1989-04-17,3.57,Recharge Return to Surface Water
1989-04-18,3.57,Recharge Return to Surface Water
1989-04-19,3.96,Recharge Return to Surface Water
1989-04-20,4.31,Recharge Return to Surface Water
1989-04-21,4.56,Recharge Return to Surface Water
1989-04-22,4.8,Recharge Return to Surface Water
1989-04-23,5.01,Recharge Return to Surface Water
1989-04-24,5.23,Recharge Return to Surface Water
1989-04-25,5.4,Recharge Return to Surface Water
1989-04-26,5.58,Recharge Return to Surface Water
1989-04-27,5.76,Recharge Return to Surface Water
1989-04-28,5.93,Recharge Return to Surface Water
1989-04-29,6.11,Recharge Return to Surface Water
1989-04-30,6.25,Recharge Return to Surface Water
1989-05-01,6.39,Recharge Return to Surface Water
1989-05-02,6.57,Recharge Return to Surface Water
1989-05-03,6.71,Recharge Return to Surface Water
1989-05-04,6.85,Recharge Return to Surface Water
1989-05-05,6.96,Recharge Return to Surface Water
1989-05-06,7.1,Recharge Return to Surface Water
1989-05-07,7.24,Recharge Return to Surface Water
1989-05-08,7.38,Recharge Return to Surface Water
1989-05-09,7.49,Recharge Return to Surface Water
1989-05-10,7.63,Recharge Return to Surface Water
1989-05-11,7.73,Recharge Return to Surface Water
1989-05-12,7.84,Recharge Return to Surface Water
1989-05-13,7.98,Recharge Return to Surface Water
1989-05-14,8.09,Recharge Return to Surface Water
1989-05-15,8.19,Recharge Return to Surface Water
1989-05-16,8.3,Recharge Return to Surface Water
1989-05-17,8.4,Recharge Return to Surface Water
1989-05-18,8.51,Recharge Return to Surface Water
1989-05-19,8.62,Recharge Return to Surface Water
1989-05-20,8.72,Recharge Return to Surface Water
1989-05-21,8.83,Recharge Return to Surface Water
1989-05-22,8.93,Recharge Return to Surface Water
1989-05-23,9.04,Recharge Return to Surface Water
1989-05-24,9.11,Recharge Return to Surface Water
1989-05-25,9.22,Recharge Return to Surface Water
1989-05-26,9.32,Recharge Return to Surface Water
1989-05-27,9.39,Recharge Return to Surface Water
1989-05-28,9.5,Recharge Return to Surface Water
1989-05-29,9.57,Recharge Return to Surface Water
1989-05-30,9.68,Recharge Return to Surface Water
1989-05-31,9.75,Recharge Return to Surface Water
1989-06-01,9.85,Recharge Return to Surface Water
1989-06-02,9.92,Recharge Return to Surface Water
1989-06-03,10.03,Recharge Return to Surface Water
1989-06-04,10.1,Recharge Return to Surface Water
1989-06-05,10.17,Recharge Return to Surface Water
1989-06-06,10.28,Recharge Return to Surface Water
1989-06-07,10.35,Recharge Return to Surface Water
1989-06-08,10.42,Recharge Return to Surface Water
1989-06-09,10.49,Recharge Return to Surface Water
1989-06-10,10.59,Recharge Return to Surface Water
1989-06-11,10.67,Recharge Return to Surface Water
1989-06-12,10.74,Recharge Return to Surface Water
1989-06-13,10.81,Recharge Return to Surface Water
1989-06-14,10.88,Recharge Return to Surface Water
1989-06-15,10.95,Recharge Return to Surface Water
1989-06-16,11.02,Recharge Return to Surface Water
1989-06-17,11.09,Recharge Return to Surface Water
1989-06-18,11.16,Recharge Return to Surface Water
1989-06-19,11.23,Recharge Return to Surface Water
1989-06-20,11.3,Recharge Return to Surface Water
1989-06-21,11.37,Recharge Return to Surface Water
1989-06-22,11.41,Recharge Return to Surface Water
1989-06-23,11.48,Recharge Return to Surface Water
1989-06-24,11.55,Recharge Return to Surface Water
1989-06-25,11.62,Recharge Return to Surface Water
1989-06-26,11.69,Recharge Return to Surface Water
1989-06-27,11.72,Recharge Return to Surface Water
1989-06-28,11.8,Recharge Return to Surface Water
1989-06-29,11.87,Recharge Return to Surface Water
1989-06-30,11.9,Recharge Return to Surface Water
1989-07-01,11.97,Recharge Return to Surface Water
1989-07-02,12.04,Recharge Return to Surface Water
1989-07-03,12.08,Recharge Return to Surface Water
1989-07-04,12.15,Recharge Return to Surface Water
1989-07-05,12.18,Recharge Return to Surface Water
1989-07-06,12.25,Recharge Return to Surface Water
1989-07-07,12.29,Recharge Return to Surface Water
1989-07-08,12.36,Recharge Return to Surface Water
1989-07-09,12.4,Recharge Return to Surface Water
1989-07-10,12.47,Recharge Return to Surface Water
1989-07-11,12.5,Recharge Return to Surface Water
1989-07-12,12.57,Recharge Return to Surface Water
1989-07-13,12.61,Recharge Return to Surface Water
1989-07-14,12.64,Recharge Return to Surface Water
1989-07-15,12.71,Recharge Return to Surface Water
1989-07-16,12.75,Recharge Return to Surface Water
1989-07-17,12.78,Recharge Return to Surface Water
1989-07-18,12.85,Recharge Return to Surface Water
1989-07-19,12.89,Recharge Return to Surface Water
1989-07-20,12.93,Recharge Return to Surface Water
1989-07-21,13,Recharge Return to Surface Water
1989-07-22,13.03,Recharge Return to Surface Water
1989-07-23,13.07,Recharge Return to Surface Water
1989-07-24,13.1,Recharge Return to Surface Water
1989-07-25,13.14,Recharge Return to Surface Water
1989-07-26,13.21,Recharge Return to Surface Water
1989-07-27,13.24,Recharge Return to Surface Water
1989-07-28,13.28,Recharge Return to Surface Water
1989-07-29,13.31,Recharge Return to Surface Water
1989-07-30,13.35,Recharge Return to Surface Water
1989-07-31,13.38,Recharge Return to Surface Water
1989-08-01,13.42,Recharge Return to Surface Water
1989-08-02,13.45,Recharge Return to Surface Water
1989-08-03,13.49,Recharge Return to Surface Water
1989-08-04,13.53,Recharge Return to Surface Water
1989-08-05,13.56,Recharge Return to Surface Water
1989-08-06,13.6,Recharge Return to Surface Water
1989-08-07,13.63,Recharge Return to Surface Water
1989-08-08,13.67,Recharge Return to Surface Water
1989-08-09,13.7,Recharge Return to Surface Water
1989-08-10,13.74,Recharge Return to Surface Water
1989-08-11,13.77,Recharge Return to Surface Water
1989-08-12,13.81,Recharge Return to Surface Water
1989-08-13,13.84,Recharge Return to Surface Water
1989-08-14,13.88,Recharge Return to Surface Water
1989-08-15,13.91,Recharge Return to Surface Water
1989-08-16,13.95,Recharge Return to Surface Water
1989-08-17,13.98,Recharge Return to Surface Water
1989-08-18,14.02,Recharge Return to Surface Water
1989-08-19,14.02,Recharge Return to Surface Water
1989-08-20,14.06,Recharge Return to Surface Water
1989-08-21,14.09,Recharge Return to Surface Water
1989-08-22,14.13,Recharge Return to Surface Water
1989-08-23,14.16,Recharge Return to Surface Water
1989-08-24,14.2,Recharge Return to Surface Water
1989-08-25,14.2,Recharge Return to Surface Water
1989-08-26,14.23,Recharge Return to Surface Water
1989-08-27,14.27,Recharge Return to Surface Water
1989-08-28,14.3,Recharge Return to Surface Water
1989-08-29,14.3,Recharge Return to Surface Water
1989-08-30,14.34,Recharge Return to Surface Water
1989-08-31,14.37,Recharge Return to Surface Water
1989-09-01,14.41,Recharge Return to Surface Water
1989-09-02,14.41,Recharge Return to Surface Water
1989-09-03,14.44,Recharge Return to Surface Water
1989-09-04,14.48,Recharge Return to Surface Water
1989-09-05,14.48,Recharge Return to Surface Water
1989-09-06,14.51,Recharge Return to Surface Water
1989-09-07,14.55,Recharge Return to Surface Water
1989-09-08,14.55,Recharge Return to Surface Water
1989-09-09,14.58,Recharge Return to Surface Water
1989-09-10,14.62,Recharge Return to Surface Water
1989-09-11,14.62,Recharge Return to Surface Water
1989-09-12,14.66,Recharge Return to Surface Water
1989-09-13,14.69,Recharge Return to Surface Water
1989-09-14,14.69,Recharge Return to Surface Water
1989-09-15,14.73,Recharge Return to Surface Water
1989-09-16,14.62,Recharge Return to Surface Water
1989-09-17,13.74,Recharge Return to Surface Water
1989-09-18,13.07,Recharge Return to Surface Water
1989-09-19,12.61,Recharge Return to Surface Water
1989-09-20,12.25,Recharge Return to Surface Water
1989-09-21,11.94,Recharge Return to Surface Water
1989-09-22,11.65,Recharge Return to Surface Water
1989-09-23,11.41,Recharge Return to Surface Water
1989-09-24,11.16,Recharge Return to Surface Water
1989-09-25,10.95,Recharge Return to Surface Water
1989-09-26,10.74,Recharge Return to Surface Water
1989-09-27,10.52,Recharge Return to Surface Water
1989-09-28,10.35,Recharge Return to Surface Water
1989-09-29,10.17,Recharge Return to Surface Water
1989-09-30,9.99,Recharge Return to Surface Water
1989-10-01,9.85,Recharge Return to Surface Water
1989-10-02,9.68,Recharge Return to Surface Water
1989-10-03,9.53,Recharge Return to Surface Water
1989-10-04,9.39,Recharge Return to Surface Water
1989-10-05,9.25,Recharge Return to Surface Water
1989-10-06,9.11,Recharge Return to Surface Water
1989-10-07,8.97,Recharge Return to Surface Water
1989-10-08,8.83,Recharge Return to Surface Water
1989-10-09,8.72,Recharge Return to Surface Water
1989-10-10,8.58,Recharge Return to Surface Water
1989-10-11,8.48,Recharge Return to Surface Water
1989-10-12,8.33,Recharge Return to Surface Water
1989-10-13,8.23,Recharge Return to Surface Water
1989-10-14,8.12,Recharge Return to Surface Water
1989-10-15,8.02,Recharge Return to Surface Water
1989-10-16,7.88,Recharge Return to Surface Water
1989-10-17,7.77,Recharge Return to Surface Water
1989-10-18,7.66,Recharge Return to Surface Water
1989-10-19,7.56,Recharge Return to Surface Water
1989-10-20,7.45,Recharge Return to Surface Water
1989-10-21,7.38,Recharge Return to Surface Water
1989-10-22,7.27,Recharge Return to Surface Water
1989-10-23,7.17,Recharge Return to Surface Water
1989-10-24,7.06,Recharge Return to Surface Water
1989-10-25,6.99,Recharge Return to Surface Water
1989-10-26,6.89,Recharge Return to Surface Water
1989-10-27,6.78,Recharge Return to Surface Water
1989-10-28,6.71,Recharge Return to Surface Water
1989-10-29,6.6,Recharge Return to Surface Water
1989-10-30,6.53,Recharge Return to Surface Water
1989-10-31,6.43,Recharge Return to Surface Water
1989-11-01,6.36,Recharge Return to Surface Water
1989-11-02,6.25,Recharge Return to Surface Water
1989-11-03,6.18,Recharge Return to Surface Water
1989-11-04,6.11,Recharge Return to Surface Water
1989-11-05,6,Recharge Return to Surface Water
1989-11-06,5.93,Recharge Return to Surface Water
1989-11-07,5.86,Recharge Return to Surface Water
1989-11-08,5.79,Recharge Return to Surface Water
1989-11-09,5.72,Recharge Return to Surface Water
1989-11-10,5.62,Recharge Return to Surface Water
1989-11-11,5.54,Recharge Return to Surface Water
1989-11-12,5.47,Recharge Return to Surface Water
1989-11-13,5.4,Recharge Return to Surface Water
1989-11-14,5.33,Recharge Return to Surface Water
1989-11-15,5.26,Recharge Return to Surface Water
1989-11-16,5.19,Recharge Return to Surface Water
1989-11-17,5.12,Recharge Return to Surface Water
1989-11-18,5.05,Recharge Return to Surface Water
1989-11-19,4.98,Recharge Return to Surface Water
1989-11-20,4.91,Recharge Return to Surface Water
1989-11-21,4.87,Recharge Return to Surface Water
1989-11-22,4.8,Recharge Return to Surface Water
1989-11-23,4.73,Recharge Return to Surface Water
1989-11-24,4.66,Recharge Return to Surface Water
1989-11-25,4.59,Recharge Return to Surface Water
1989-11-26,4.56,Recharge Return to Surface Water
1989-11-27,4.48,Recharge Return to Surface Water
1989-11-28,4.41,Recharge Return to Surface Water
1989-11-29,4.38,Recharge Return to Surface Water
1989-11-30,4.31,Recharge Return to Surface Water
1989-12-01,4.24,Recharge Return to Surface Water
1989-12-02,4.2,Recharge Return to Surface Water
1989-12-03,4.13,Recharge Return to Surface Water
1989-12-04,4.1,Recharge Return to Surface Water
1989-12-05,4.03,Recharge Return to Surface Water
1989-12-06,3.99,Recharge Return to Surface Water
1989-12-07,3.92,Recharge Return to Surface Water
1989-12-08,3.88,Recharge Return to Surface Water
1989-12-09,3.81,Recharge Return to Surface Water
1989-12-10,3.78,Recharge Return to Surface Water
1989-12-11,3.71,Recharge Return to Surface Water
1989-12-12,3.67,Recharge Return to Surface Water
1989-12-13,3.64,Recharge Return to Surface Water
1989-12-14,3.57,Recharge Return to Surface Water
1989-12-15,3.53,Recharge Return to Surface Water
1989-12-16,3.49,Recharge Return to Surface Water
1989-12-17,3.44,Recharge Return to Surface Water
1989-12-18,3.39,Recharge Return to Surface Water
1989-12-19,3.35,Recharge Return to Surface Water
1989-12-20,3.3,Recharge Return to Surface Water
1989-12-21,3.26,Recharge Return to Surface Water
1989-12-22,3.22,Recharge Return to Surface Water
1989-12-23,3.17,Recharge Return to Surface Water
1989-12-24,3.13,Recharge Return to Surface Water
1989-12-25,3.09,Recharge Return to Surface Water
1989-12-26,3.05,Recharge Return to Surface Water
1989-12-27,3.01,Recharge Return to Surface Water
1989-12-28,2.97,Recharge Return to Surface Water
1989-12-29,2.93,Recharge Return to Surface Water
1989-12-30,2.89,Recharge Return to Surface Water
1989-12-31,2.85,Recharge Return to Surface Water
1988-01-01,1.78,Net Depletions to Surface Water
1988-01-02,1.76,Net Depletions to Surface Water
1988-01-03,1.73,Net Depletions to Surface Water
1988-01-04,1.7,Net Depletions to Surface Water
1988-01-05,1.68,Net Depletions to Surface Water
1988-01-06,1.65,Net Depletions to Surface Water
1988-01-07,1.62,Net Depletions to Surface Water
1988-01-08,1.6,Net Depletions to Surface Water
1988-01-09,1.58,Net Depletions to Surface Water
1988-01-10,1.55,Net Depletions to Surface Water
1988-01-11,1.53,Net Depletions to Surface Water
1988-01-12,1.5,Net Depletions to Surface Water
1988-01-13,1.48,Net Depletions to Surface Water
1988-01-14,1.46,Net Depletions to Surface Water
1988-01-15,1.44,Net Depletions to Surface Water
1988-01-16,1.41,Net Depletions to Surface Water
1988-01-17,1.39,Net Depletions to Surface Water
1988-01-18,1.37,Net Depletions to Surface Water
1988-01-19,1.35,Net Depletions to Surface Water
1988-01-20,1.33,Net Depletions to Surface Water
1988-01-21,1.31,Net Depletions to Surface Water
1988-01-22,1.29,Net Depletions to Surface Water
1988-01-23,1.27,Net Depletions to Surface Water
1988-01-24,1.25,Net Depletions to Surface Water
1988-01-25,1.23,Net Depletions to Surface Water
1988-01-26,1.21,Net Depletions to Surface Water
1988-01-27,1.19,Net Depletions to Surface Water
1988-01-28,1.17,Net Depletions to Surface Water
1988-01-29,1.15,Net Depletions to Surface Water
1988-01-30,1.13,Net Depletions to Surface Water
1988-01-31,1.11,Net Depletions to Surface Water
1988-02-01,1.12,Net Depletions to Surface Water
1988-02-02,1.12,Net Depletions to Surface Water
1988-02-03,1.12,Net Depletions to Surface Water
1988-02-04,1.11,Net Depletions to Surface Water
1988-02-05,1.1,Net Depletions to Surface Water
1988-02-06,1.09,Net Depletions to Surface Water
1988-02-07,1.08,Net Depletions to Surface Water
1988-02-08,1.07,Net Depletions to Surface Water
1988-02-09,1.07,Net Depletions to Surface Water
1988-02-10,1.06,Net Depletions to Surface Water
1988-02-11,1.05,Net Depletions to Surface Water
1988-02-12,1.03,Net Depletions to Surface Water
1988-02-13,1.02,Net Depletions to Surface Water
1988-02-14,1.01,Net Depletions to Surface Water
1988-02-15,1,Net Depletions to Surface Water
1988-02-16,1,Net Depletions to Surface Water
1988-02-17,0.99,Net Depletions to Surface Water
1988-02-18,0.97,Net Depletions to Surface Water
1988-02-19,0.96,Net Depletions to Surface Water
1988-02-20,0.95,Net Depletions to Surface Water
1988-02-21,0.95,Net Depletions to Surface Water
1988-02-22,0.94,Net Depletions to Surface Water
1988-02-23,0.93,Net Depletions to Surface Water
1988-02-24,0.91,Net Depletions to Surface Water
1988-02-25,0.91,Net Depletions to Surface Water
1988-02-26,0.9,Net Depletions to Surface Water
1988-02-27,0.89,Net Depletions to Surface Water
1988-02-28,0.88,Net Depletions to Surface Water
1988-02-29,0.87,Net Depletions to Surface Water
1988-03-01,0.85,Net Depletions to Surface Water
1988-03-02,0.83,Net Depletions to Surface Water
1988-03-03,0.82,Net Depletions to Surface Water
1988-03-04,0.8,Net Depletions to Surface Water
1988-03-05,0.79,Net Depletions to Surface Water
1988-03-06,0.78,Net Depletions to Surface Water
1988-03-07,0.76,Net Depletions to Surface Water
1988-03-08,0.75,Net Depletions to Surface Water
1988-03-09,0.74,Net Depletions to Surface Water
1988-03-10,0.73,Net Depletions to Surface Water
1988-03-11,0.72,Net Depletions to Surface Water
1988-03-12,0.71,Net Depletions to Surface Water
1988-03-13,0.7,Net Depletions to Surface Water
1988-03-14,0.69,Net Depletions to Surface Water
1988-03-15,0.68,Net Depletions to Surface Water
1988-03-16,0.67,Net Depletions to Surface Water
1988-03-17,0.66,Net Depletions to Surface Water
1988-03-18,0.65,Net Depletions to Surface Water
1988-03-19,0.64,Net Depletions to Surface Water
1988-03-20,0.63,Net Depletions to Surface Water
1988-03-21,0.62,Net Depletions to Surface Water
1988-03-22,0.61,Net Depletions to Surface Water
1988-03-23,0.6,Net Depletions to Surface Water
1988-03-24,0.6,Net Depletions to Surface Water
1988-03-25,0.59,Net Depletions to Surface Water
1988-03-26,0.58,Net Depletions to Surface Water
1988-03-27,0.57,Net Depletions to Surface Water
1988-03-28,0.57,Net Depletions to Surface Water
1988-03-29,0.55,Net Depletions to Surface Water
1988-03-30,0.55,Net Depletions to Surface Water
1988-03-31,0.54,Net Depletions to Surface Water
1988-04-01,0.53,Net Depletions to Surface Water
1988-04-02,0.53,Net Depletions to Surface Water
1988-04-03,0.52,Net Depletions to Surface Water
1988-04-04,0.51,Net Depletions to Surface Water
1988-04-05,0.5,Net Depletions to Surface Water
1988-04-06,0.5,Net Depletions to Surface Water
1988-04-07,0.49,Net Depletions to Surface Water
1988-04-08,0.48,Net Depletions to Surface Water
1988-04-09,0.48,Net Depletions to Surface Water
1988-04-10,0.47,Net Depletions to Surface Water
1988-04-11,0.46,Net Depletions to Surface Water
1988-04-12,0.46,Net Depletions to Surface Water
1988-04-13,0.45,Net Depletions to Surface Water
1988-04-14,0.44,Net Depletions to Surface Water
1988-04-15,0.44,Net Depletions to Surface Water
1988-04-16,0.43,Net Depletions to Surface Water
1988-04-17,0.42,Net Depletions to Surface Water
1988-04-18,0.42,Net Depletions to Surface Water
1988-04-19,0.41,Net Depletions to Surface Water
1988-04-20,0.41,Net Depletions to Surface Water
1988-04-21,0.4,Net Depletions to Surface Water
1988-04-22,0.4,Net Depletions to Surface Water
1988-04-23,0.39,Net Depletions to Surface Water
1988-04-24,0.38,Net Depletions to Surface Water
1988-04-25,0.38,Net Depletions to Surface Water
1988-04-26,0.37,Net Depletions to Surface Water
1988-04-27,0.37,Net Depletions to Surface Water
1988-04-28,0.36,Net Depletions to Surface Water
1988-04-29,0.36,Net Depletions to Surface Water
1988-04-30,0.35,Net Depletions to Surface Water
1988-05-01,0.46,Net Depletions to Surface Water
1988-05-02,0.55,Net Depletions to Surface Water
1988-05-03,0.61,Net Depletions to Surface Water
1988-05-04,0.66,Net Depletions to Surface Water
1988-05-05,0.7,Net Depletions to Surface Water
1988-05-06,0.73,Net Depletions to Surface Water
1988-05-07,0.76,Net Depletions to Surface Water
1988-05-08,0.79,Net Depletions to Surface Water
1988-05-09,0.81,Net Depletions to Surface Water
1988-05-10,0.84,Net Depletions to Surface Water
1988-05-11,0.86,Net Depletions to Surface Water
1988-05-12,0.88,Net Depletions to Surface Water
1988-05-13,0.9,Net Depletions to Surface Water
1988-05-14,0.92,Net Depletions to Surface Water
1988-05-15,0.94,Net Depletions to Surface Water
1988-05-16,0.96,Net Depletions to Surface Water
1988-05-17,0.98,Net Depletions to Surface Water
1988-05-18,1,Net Depletions to Surface Water
1988-05-19,1.01,Net Depletions to Surface Water
1988-05-20,1.03,Net Depletions to Surface Water
1988-05-21,1.04,Net Depletions to Surface Water
1988-05-22,1.06,Net Depletions to Surface Water
1988-05-23,1.07,Net Depletions to Surface Water
1988-05-24,1.09,Net Depletions to Surface Water
1988-05-25,1.1,Net Depletions to Surface Water
1988-05-26,1.12,Net Depletions to Surface Water
1988-05-27,1.13,Net Depletions to Surface Water
1988-05-28,1.14,Net Depletions to Surface Water
1988-05-29,1.15,Net Depletions to Surface Water
1988-05-30,1.17,Net Depletions to Surface Water
1988-05-31,1.18,Net Depletions to Surface Water
1988-06-01,1.5,Net Depletions to Surface Water
1988-06-02,1.77,Net Depletions to Surface Water
1988-06-03,1.95,Net Depletions to Surface Water
1988-06-04,2.09,Net Depletions to Surface Water
1988-06-05,2.22,Net Depletions to Surface Water
1988-06-06,2.34,Net Depletions to Surface Water
1988-06-07,2.44,Net Depletions to Surface Water
1988-06-08,2.54,Net Depletions to Surface Water
1988-06-09,2.63,Net Depletions to Surface Water
1988-06-10,2.72,Net Depletions to Surface Water
1988-06-11,2.81,Net Depletions to Surface Water
1988-06-12,2.89,Net Depletions to Surface Water
1988-06-13,2.96,Net Depletions to Surface Water
1988-06-14,3.04,Net Depletions to Surface Water
1988-06-15,3.11,Net Depletions to Surface Water
1988-06-16,3.18,Net Depletions to Surface Water
1988-06-17,3.25,Net Depletions to Surface Water
1988-06-18,3.31,Net Depletions to Surface Water
1988-06-19,3.25,Net Depletions to Surface Water
1988-06-20,3.09,Net Depletions to Surface Water
1988-06-21,2.98,Net Depletions to Surface Water
1988-06-22,2.92,Net Depletions to Surface Water
1988-06-23,2.89,Net Depletions to Surface Water
1988-06-24,2.85,Net Depletions to Surface Water
1988-06-25,2.83,Net Depletions to Surface Water
1988-06-26,2.81,Net Depletions to Surface Water
1988-06-27,2.8,Net Depletions to Surface Water
1988-06-28,2.79,Net Depletions to Surface Water
1988-06-29,2.79,Net Depletions to Surface Water
1988-06-30,2.78,Net Depletions to Surface Water
1988-07-01,3.04,Net Depletions to Surface Water
1988-07-02,3.26,Net Depletions to Surface Water
1988-07-03,3.4,Net Depletions to Surface Water
1988-07-04,3.52,Net Depletions to Surface Water
1988-07-05,3.6,Net Depletions to Surface Water
1988-07-06,3.71,Net Depletions to Surface Water
1988-07-07,3.78,Net Depletions to Surface Water
1988-07-08,3.88,Net Depletions to Surface Water
1988-07-09,3.96,Net Depletions to Surface Water
1988-07-10,4.03,Net Depletions to Surface Water
1988-07-11,4.06,Net Depletions to Surface Water
1988-07-12,4.48,Net Depletions to Surface Water
1988-07-13,4.84,Net Depletions to Surface Water
1988-07-14,5.09,Net Depletions to Surface Water
1988-07-15,5.26,Net Depletions to Surface Water
1988-07-16,5.47,Net Depletions to Surface Water
1988-07-17,5.62,Net Depletions to Surface Water
1988-07-18,5.79,Net Depletions to Surface Water
1988-07-19,5.93,Net Depletions to Surface Water
1988-07-20,6.07,Net Depletions to Surface Water
1988-07-21,6.22,Net Depletions to Surface Water
1988-07-22,6.32,Net Depletions to Surface Water
1988-07-23,6.46,Net Depletions to Surface Water
1988-07-24,6.57,Net Depletions to Surface Water
1988-07-25,6.71,Net Depletions to Surface Water
1988-07-26,6.82,Net Depletions to Surface Water
1988-07-27,6.92,Net Depletions to Surface Water
1988-07-28,7.03,Net Depletions to Surface Water
1988-07-29,7.13,Net Depletions to Surface Water
1988-07-30,7.24,Net Depletions to Surface Water
1988-07-31,7.35,Net Depletions to Surface Water
1988-08-01,7.24,Net Depletions to Surface Water
1988-08-02,7.27,Net Depletions to Surface Water
1988-08-03,7.35,Net Depletions to Surface Water
1988-08-04,7.38,Net Depletions to Surface Water
1988-08-05,7.45,Net Depletions to Surface Water
1988-08-06,7.52,Net Depletions to Surface Water
1988-08-07,7.56,Net Depletions to Surface Water
1988-08-08,7.63,Net Depletions to Surface Water
1988-08-09,7.7,Net Depletions to Surface Water
1988-08-10,7.73,Net Depletions to Surface Water
1988-08-11,7.8,Net Depletions to Surface Water
1988-08-12,7.88,Net Depletions to Surface Water
1988-08-13,7.91,Net Depletions to Surface Water
1988-08-14,7.98,Net Depletions to Surface Water
1988-08-15,8.05,Net Depletions to Surface Water
1988-08-16,8.09,Net Depletions to Surface Water
1988-08-17,8.23,Net Depletions to Surface Water
1988-08-18,8.33,Net Depletions to Surface Water
1988-08-19,8.44,Net Depletions to Surface Water
1988-08-20,8.55,Net Depletions to Surface Water
1988-08-21,8.62,Net Depletions to Surface Water
1988-08-22,8.69,Net Depletions to Surface Water
1988-08-23,8.76,Net Depletions to Surface Water
1988-08-24,8.86,Net Depletions to Surface Water
1988-08-25,8.93,Net Depletions to Surface Water
1988-08-26,9.01,Net Depletions to Surface Water
1988-08-27,9.08,Net Depletions to Surface Water
1988-08-28,9.11,Net Depletions to Surface Water
1988-08-29,9.18,Net Depletions to Surface Water
1988-08-30,9.25,Net Depletions to Surface Water
1988-08-31,9.32,Net Depletions to Surface Water
1988-09-01,9.11,Net Depletions to Surface Water
1988-09-02,8.97,Net Depletions to Surface Water
1988-09-03,8.9,Net Depletions to Surface Water
1988-09-04,8.83,Net Depletions to Surface Water
1988-09-05,8.76,Net Depletions to Surface Water
1988-09-06,8.65,Net Depletions to Surface Water
1988-09-07,8.65,Net Depletions to Surface Water
1988-09-08,8.65,Net Depletions to Surface Water
1988-09-09,8.62,Net Depletions to Surface Water
1988-09-10,8.55,Net Depletions to Surface Water
1988-09-11,8.48,Net Depletions to Surface Water
1988-09-12,8.4,Net Depletions to Surface Water
1988-09-13,8.37,Net Depletions to Surface Water
1988-09-14,8.33,Net Depletions to Surface Water
1988-09-15,8.3,Net Depletions to Surface Water
1988-09-16,8.26,Net Depletions to Surface Water
1988-09-17,8.23,Net Depletions to Surface Water
1988-09-18,8.19,Net Depletions to Surface Water
1988-09-19,8.16,Net Depletions to Surface Water
1988-09-20,8.12,Net Depletions to Surface Water
1988-09-21,8.12,Net Depletions to Surface Water
1988-09-22,8.09,Net Depletions to Surface Water
1988-09-23,8.05,Net Depletions to Surface Water
1988-09-24,8.02,Net Depletions to Surface Water
1988-09-25,8.02,Net Depletions to Surface Water
1988-09-26,7.98,Net Depletions to Surface Water
1988-09-27,7.95,Net Depletions to Surface Water
1988-09-28,7.91,Net Depletions to Surface Water
1988-09-29,7.88,Net Depletions to Surface Water
1988-09-30,7.88,Net Depletions to Surface Water
1988-10-01,7.63,Net Depletions to Surface Water
1988-10-02,7.42,Net Depletions to Surface Water
1988-10-03,7.27,Net Depletions to Surface Water
1988-10-04,7.13,Net Depletions to Surface Water
1988-10-05,7.03,Net Depletions to Surface Water
1988-10-06,6.96,Net Depletions to Surface Water
1988-10-07,6.85,Net Depletions to Surface Water
1988-10-08,6.78,Net Depletions to Surface Water
1988-10-09,6.71,Net Depletions to Surface Water
1988-10-10,6.64,Net Depletions to Surface Water
1988-10-11,6.57,Net Depletions to Surface Water
1988-10-12,6.5,Net Depletions to Surface Water
1988-10-13,6.43,Net Depletions to Surface Water
1988-10-14,6.39,Net Depletions to Surface Water
1988-10-15,6.32,Net Depletions to Surface Water
1988-10-16,6.25,Net Depletions to Surface Water
1988-10-17,6.22,Net Depletions to Surface Water
1988-10-18,6.14,Net Depletions to Surface Water
1988-10-19,6.04,Net Depletions to Surface Water
1988-10-20,5.93,Net Depletions to Surface Water
1988-10-21,5.86,Net Depletions to Surface Water
1988-10-22,5.76,Net Depletions to Surface Water
1988-10-23,5.69,Net Depletions to Surface Water
1988-10-24,5.62,Net Depletions to Surface Water
1988-10-25,5.58,Net Depletions to Surface Water
1988-10-26,5.51,Net Depletions to Surface Water
1988-10-27,5.44,Net Depletions to Surface Water
1988-10-28,5.37,Net Depletions to Surface Water
1988-10-29,5.33,Net Depletions to Surface Water
1988-10-30,5.26,Net Depletions to Surface Water
1988-10-31,5.23,Net Depletions to Surface Water
1988-11-01,5.09,Net Depletions to Surface Water
1988-11-02,4.98,Net Depletions to Surface Water
1988-11-03,4.87,Net Depletions to Surface Water
1988-11-04,4.8,Net Depletions to Surface Water
1988-11-05,4.7,Net Depletions to Surface Water
1988-11-06,4.63,Net Depletions to Surface Water
1988-11-07,4.56,Net Depletions to Surface Water
1988-11-08,4.48,Net Depletions to Surface Water
1988-11-09,4.41,Net Depletions to Surface Water
1988-11-10,4.38,Net Depletions to Surface Water
1988-11-11,4.31,Net Depletions to Surface Water
1988-11-12,4.24,Net Depletions to Surface Water
1988-11-13,4.17,Net Depletions to Surface Water
1988-11-14,4.13,Net Depletions to Surface Water
1988-11-15,4.06,Net Depletions to Surface Water
1988-11-16,4.03,Net Depletions to Surface Water
1988-11-17,3.96,Net Depletions to Surface Water
1988-11-18,3.88,Net Depletions to Surface Water
1988-11-19,3.85,Net Depletions to Surface Water
1988-11-20,3.78,Net Depletions to Surface Water
1988-11-21,3.74,Net Depletions to Surface Water
1988-11-22,3.71,Net Depletions to Surface Water
1988-11-23,3.64,Net Depletions to Surface Water
1988-11-24,3.6,Net Depletions to Surface Water
1988-11-25,3.53,Net Depletions to Surface Water
1988-11-26,3.5,Net Depletions to Surface Water
1988-11-27,3.45,Net Depletions to Surface Water
1988-11-28,3.41,Net Depletions to Surface Water
1988-11-29,3.36,Net Depletions to Surface Water
1988-11-30,3.32,Net Depletions to Surface Water
1988-12-01,3.26,Net Depletions to Surface Water
1988-12-02,3.2,Net Depletions to Surface Water
1988-12-03,3.15,Net Depletions to Surface Water
1988-12-04,3.1,Net Depletions to Surface Water
1988-12-05,3.05,Net Depletions to Surface Water
1988-12-06,3.01,Net Depletions to Surface Water
1988-12-07,2.96,Net Depletions to Surface Water
1988-12-08,2.92,Net Depletions to Surface Water
1988-12-09,2.87,Net Depletions to Surface Water
1988-12-10,2.83,Net Depletions to Surface Water
1988-12-11,2.79,Net Depletions to Surface Water
1988-12-12,2.75,Net Depletions to Surface Water
1988-12-13,2.71,Net Depletions to Surface Water
1988-12-14,2.67,Net Depletions to Surface Water
1988-12-15,2.63,Net Depletions to Surface Water
1988-12-16,2.59,Net Depletions to Surface Water
1988-12-17,2.55,Net Depletions to Surface Water
1988-12-18,2.52,Net Depletions to Surface Water
1988-12-19,2.48,Net Depletions to Surface Water
1988-12-20,2.44,Net Depletions to Surface Water
1988-12-21,2.41,Net Depletions to Surface Water
1988-12-22,2.37,Net Depletions to Surface Water
1988-12-23,2.34,Net Depletions to Surface Water
1988-12-24,2.3,Net Depletions to Surface Water
1988-12-25,2.27,Net Depletions to Surface Water
1988-12-26,2.24,Net Depletions to Surface Water
1988-12-27,2.2,Net Depletions to Surface Water
1988-12-28,2.17,Net Depletions to Surface Water
1988-12-29,2.14,Net Depletions to Surface Water
1988-12-30,2.1,Net Depletions to Surface Water
1988-12-31,2.07,Net Depletions to Surface Water
1989-01-01,2.48,Net Depletions to Surface Water
1989-01-02,2.45,Net Depletions to Surface Water
1989-01-03,2.42,Net Depletions to Surface Water
1989-01-04,2.39,Net Depletions to Surface Water
1989-01-05,2.36,Net Depletions to Surface Water
1989-01-06,2.33,Net Depletions to Surface Water
1989-01-07,2.3,Net Depletions to Surface Water
1989-01-08,2.27,Net Depletions to Surface Water
1989-01-09,2.25,Net Depletions to Surface Water
1989-01-10,2.22,Net Depletions to Surface Water
1989-01-11,2.19,Net Depletions to Surface Water
1989-01-12,2.16,Net Depletions to Surface Water
1989-01-13,2.14,Net Depletions to Surface Water
1989-01-14,2.11,Net Depletions to Surface Water
1989-01-15,2.09,Net Depletions to Surface Water
1989-01-16,2.06,Net Depletions to Surface Water
1989-01-17,2.04,Net Depletions to Surface Water
1989-01-18,2.01,Net Depletions to Surface Water
1989-01-19,1.99,Net Depletions to Surface Water
1989-01-20,1.96,Net Depletions to Surface Water
1989-01-21,1.94,Net Depletions to Surface Water
1989-01-22,1.92,Net Depletions to Surface Water
1989-01-23,1.89,Net Depletions to Surface Water
1989-01-24,1.87,Net Depletions to Surface Water
1989-01-25,1.85,Net Depletions to Surface Water
1989-01-26,1.83,Net Depletions to Surface Water
1989-01-27,1.8,Net Depletions to Surface Water
1989-01-28,1.78,Net Depletions to Surface Water
1989-01-29,1.76,Net Depletions to Surface Water
1989-01-30,1.74,Net Depletions to Surface Water
1989-01-31,1.72,Net Depletions to Surface Water
1989-02-01,1.73,Net Depletions to Surface Water
1989-02-02,1.73,Net Depletions to Surface Water
1989-02-03,1.72,Net Depletions to Surface Water
1989-02-04,1.71,Net Depletions to Surface Water
1989-02-05,1.7,Net Depletions to Surface Water
1989-02-06,1.69,Net Depletions to Surface Water
1989-02-07,1.68,Net Depletions to Surface Water
1989-02-08,1.67,Net Depletions to Surface Water
1989-02-09,1.65,Net Depletions to Surface Water
1989-02-10,1.64,Net Depletions to Surface Water
1989-02-11,1.63,Net Depletions to Surface Water
1989-02-12,1.62,Net Depletions to Surface Water
1989-02-13,1.6,Net Depletions to Surface Water
1989-02-14,1.59,Net Depletions to Surface Water
1989-02-15,1.58,Net Depletions to Surface Water
1989-02-16,1.57,Net Depletions to Surface Water
1989-02-17,1.56,Net Depletions to Surface Water
1989-02-18,1.55,Net Depletions to Surface Water
1989-02-19,1.53,Net Depletions to Surface Water
1989-02-20,1.52,Net Depletions to Surface Water
1989-02-21,1.51,Net Depletions to Surface Water
1989-02-22,1.5,Net Depletions to Surface Water
1989-02-23,1.49,Net Depletions to Surface Water
1989-02-24,1.48,Net Depletions to Surface Water
1989-02-25,1.47,Net Depletions to Surface Water
1989-02-26,1.45,Net Depletions to Surface Water
1989-02-27,1.44,Net Depletions to Surface Water
1989-02-28,1.43,Net Depletions to Surface Water
1989-03-01,1.41,Net Depletions to Surface Water
1989-03-02,1.39,Net Depletions to Surface Water
1989-03-03,1.37,Net Depletions to Surface Water
1989-03-04,1.36,Net Depletions to Surface Water
1989-03-05,1.34,Net Depletions to Surface Water
1989-03-06,1.33,Net Depletions to Surface Water
1989-03-07,1.31,Net Depletions to Surface Water
1989-03-08,1.3,Net Depletions to Surface Water
1989-03-09,1.29,Net Depletions to Surface Water
1989-03-10,1.27,Net Depletions to Surface Water
1989-03-11,1.26,Net Depletions to Surface Water
1989-03-12,1.25,Net Depletions to Surface Water
1989-03-13,1.24,Net Depletions to Surface Water
1989-03-14,1.23,Net Depletions to Surface Water
1989-03-15,1.22,Net Depletions to Surface Water
1989-03-16,1.21,Net Depletions to Surface Water
1989-03-17,1.2,Net Depletions to Surface Water
1989-03-18,1.18,Net Depletions to Surface Water
1989-03-19,1.17,Net Depletions to Surface Water
1989-03-20,1.17,Net Depletions to Surface Water
1989-03-21,1.15,Net Depletions to Surface Water
1989-03-22,1.14,Net Depletions to Surface Water
1989-03-23,1.13,Net Depletions to Surface Water
1989-03-24,1.12,Net Depletions to Surface Water
1989-03-25,1.11,Net Depletions to Surface Water
1989-03-26,1.11,Net Depletions to Surface Water
1989-03-27,1.09,Net Depletions to Surface Water
1989-03-28,1.08,Net Depletions to Surface Water
1989-03-29,1.08,Net Depletions to Surface Water
1989-03-30,1.07,Net Depletions to Surface Water
1989-03-31,1.06,Net Depletions to Surface Water
1989-04-01,1.05,Net Depletions to Surface Water
1989-04-02,1.04,Net Depletions to Surface Water
1989-04-03,1.03,Net Depletions to Surface Water
1989-04-04,1.02,Net Depletions to Surface Water
1989-04-05,1.02,Net Depletions to Surface Water
1989-04-06,1.01,Net Depletions to Surface Water
1989-04-07,1,Net Depletions to Surface Water
1989-04-08,0.99,Net Depletions to Surface Water
1989-04-09,0.99,Net Depletions to Surface Water
1989-04-10,0.98,Net Depletions to Surface Water
1989-04-11,0.97,Net Depletions to Surface Water
1989-04-12,0.96,Net Depletions to Surface Water
1989-04-13,0.95,Net Depletions to Surface Water
1989-04-14,0.95,Net Depletions to Surface Water
1989-04-15,0.94,Net Depletions to Surface Water
1989-04-16,0.93,Net Depletions to Surface Water
1989-04-17,0.93,Net Depletions to Surface Water
1989-04-18,0.92,Net Depletions to Surface Water
1989-04-19,0.91,Net Depletions to Surface Water
1989-04-20,0.9,Net Depletions to Surface Water
1989-04-21,0.9,Net Depletions to Surface Water
1989-04-22,0.89,Net Depletions to Surface Water
1989-04-23,0.89,Net Depletions to Surface Water
1989-04-24,0.88,Net Depletions to Surface Water
1989-04-25,0.87,Net Depletions to Surface Water
1989-04-26,0.87,Net Depletions to Surface Water
1989-04-27,0.86,Net Depletions to Surface Water
1989-04-28,0.85,Net Depletions to Surface Water
1989-04-29,0.85,Net Depletions to Surface Water
1989-04-30,0.84,Net Depletions to Surface Water
1989-05-01,0.95,Net Depletions to Surface Water
1989-05-02,1.04,Net Depletions to Surface Water
1989-05-03,1.1,Net Depletions to Surface Water
1989-05-04,1.14,Net Depletions to Surface Water
1989-05-05,1.18,Net Depletions to Surface Water
1989-05-06,1.22,Net Depletions to Surface Water
1989-05-07,1.25,Net Depletions to Surface Water
1989-05-08,1.27,Net Depletions to Surface Water
1989-05-09,1.3,Net Depletions to Surface Water
1989-05-10,1.32,Net Depletions to Surface Water
1989-05-11,1.35,Net Depletions to Surface Water
1989-05-12,1.37,Net Depletions to Surface Water
1989-05-13,1.39,Net Depletions to Surface Water
1989-05-14,1.41,Net Depletions to Surface Water
1989-05-15,1.42,Net Depletions to Surface Water
1989-05-16,1.44,Net Depletions to Surface Water
1989-05-17,1.46,Net Depletions to Surface Water
1989-05-18,1.48,Net Depletions to Surface Water
1989-05-19,1.49,Net Depletions to Surface Water
1989-05-20,1.51,Net Depletions to Surface Water
1989-05-21,1.52,Net Depletions to Surface Water
1989-05-22,1.54,Net Depletions to Surface Water
1989-05-23,1.55,Net Depletions to Surface Water
1989-05-24,1.56,Net Depletions to Surface Water
1989-05-25,1.58,Net Depletions to Surface Water
1989-05-26,1.59,Net Depletions to Surface Water
1989-05-27,1.6,Net Depletions to Surface Water
1989-05-28,1.62,Net Depletions to Surface Water
1989-05-29,1.63,Net Depletions to Surface Water
1989-05-30,1.64,Net Depletions to Surface Water
1989-05-31,1.65,Net Depletions to Surface Water
1989-06-01,1.73,Net Depletions to Surface Water
1989-06-02,1.8,Net Depletions to Surface Water
1989-06-03,1.84,Net Depletions to Surface Water
1989-06-04,1.88,Net Depletions to Surface Water
1989-06-05,1.92,Net Depletions to Surface Water
1989-06-06,1.95,Net Depletions to Surface Water
1989-06-07,1.98,Net Depletions to Surface Water
1989-06-08,2.01,Net Depletions to Surface Water
1989-06-09,2.04,Net Depletions to Surface Water
1989-06-10,2.07,Net Depletions to Surface Water
1989-06-11,2.09,Net Depletions to Surface Water
1989-06-12,2.12,Net Depletions to Surface Water
1989-06-13,2.14,Net Depletions to Surface Water
1989-06-14,2.16,Net Depletions to Surface Water
1989-06-15,2.18,Net Depletions to Surface Water
1989-06-16,2.2,Net Depletions to Surface Water
1989-06-17,2.22,Net Depletions to Surface Water
1989-06-18,2.25,Net Depletions to Surface Water
1989-06-19,2.27,Net Depletions to Surface Water
1989-06-20,2.29,Net Depletions to Surface Water
1989-06-21,2.31,Net Depletions to Surface Water
1989-06-22,2.33,Net Depletions to Surface Water
1989-06-23,2.34,Net Depletions to Surface Water
1989-06-24,2.36,Net Depletions to Surface Water
1989-06-25,2.38,Net Depletions to Surface Water
1989-06-26,2.43,Net Depletions to Surface Water
1989-06-27,2.69,Net Depletions to Surface Water
1989-06-28,2.9,Net Depletions to Surface Water
1989-06-29,3.04,Net Depletions to Surface Water
1989-06-30,2.99,Net Depletions to Surface Water
1989-07-01,3.07,Net Depletions to Surface Water
1989-07-02,3.17,Net Depletions to Surface Water
1989-07-03,3.24,Net Depletions to Surface Water
1989-07-04,3.31,Net Depletions to Surface Water
1989-07-05,3.38,Net Depletions to Surface Water
1989-07-06,3.44,Net Depletions to Surface Water
1989-07-07,3.49,Net Depletions to Surface Water
1989-07-08,3.53,Net Depletions to Surface Water
1989-07-09,3.92,Net Depletions to Surface Water
1989-07-10,4.27,Net Depletions to Surface Water
1989-07-11,4.48,Net Depletions to Surface Water
1989-07-12,4.7,Net Depletions to Surface Water
1989-07-13,4.84,Net Depletions to Surface Water
1989-07-14,5.01,Net Depletions to Surface Water
1989-07-15,5.16,Net Depletions to Surface Water
1989-07-16,5.3,Net Depletions to Surface Water
1989-07-17,5.51,Net Depletions to Surface Water
1989-07-18,5.69,Net Depletions to Surface Water
1989-07-19,5.86,Net Depletions to Surface Water
1989-07-20,6,Net Depletions to Surface Water
1989-07-21,6.14,Net Depletions to Surface Water
1989-07-22,6.29,Net Depletions to Surface Water
1989-07-23,6.43,Net Depletions to Surface Water
1989-07-24,6.57,Net Depletions to Surface Water
1989-07-25,6.67,Net Depletions to Surface Water
1989-07-26,6.78,Net Depletions to Surface Water
1989-07-27,6.92,Net Depletions to Surface Water
1989-07-28,7.03,Net Depletions to Surface Water
1989-07-29,7.13,Net Depletions to Surface Water
1989-07-30,7.24,Net Depletions to Surface Water
1989-07-31,7.35,Net Depletions to Surface Water
1989-08-01,7.31,Net Depletions to Surface Water
1989-08-02,7.42,Net Depletions to Surface Water
1989-08-03,7.56,Net Depletions to Surface Water
1989-08-04,7.63,Net Depletions to Surface Water
1989-08-05,7.73,Net Depletions to Surface Water
1989-08-06,7.84,Net Depletions to Surface Water
1989-08-07,7.91,Net Depletions to Surface Water
1989-08-08,8.02,Net Depletions to Surface Water
1989-08-09,8.09,Net Depletions to Surface Water
1989-08-10,8.19,Net Depletions to Surface Water
1989-08-11,8.26,Net Depletions to Surface Water
1989-08-12,8.33,Net Depletions to Surface Water
1989-08-13,8.44,Net Depletions to Surface Water
1989-08-14,8.51,Net Depletions to Surface Water
1989-08-15,8.58,Net Depletions to Surface Water
1989-08-16,8.58,Net Depletions to Surface Water
1989-08-17,8.58,Net Depletions to Surface Water
1989-08-18,8.62,Net Depletions to Surface Water
1989-08-19,8.65,Net Depletions to Surface Water
1989-08-20,8.69,Net Depletions to Surface Water
1989-08-21,8.76,Net Depletions to Surface Water
1989-08-22,8.79,Net Depletions to Surface Water
1989-08-23,8.83,Net Depletions to Surface Water
1989-08-24,8.9,Net Depletions to Surface Water
1989-08-25,8.93,Net Depletions to Surface Water
1989-08-26,8.97,Net Depletions to Surface Water
1989-08-27,9.04,Net Depletions to Surface Water
1989-08-28,9.08,Net Depletions to Surface Water
1989-08-29,9.11,Net Depletions to Surface Water
1989-08-30,9.18,Net Depletions to Surface Water
1989-08-31,9.22,Net Depletions to Surface Water
1989-09-01,9.04,Net Depletions to Surface Water
1989-09-02,8.9,Net Depletions to Surface Water
1989-09-03,8.79,Net Depletions to Surface Water
1989-09-04,8.76,Net Depletions to Surface Water
1989-09-05,8.69,Net Depletions to Surface Water
1989-09-06,8.65,Net Depletions to Surface Water
1989-09-07,8.65,Net Depletions to Surface Water
1989-09-08,8.62,Net Depletions to Surface Water
1989-09-09,8.62,Net Depletions to Surface Water
1989-09-10,8.58,Net Depletions to Surface Water
1989-09-11,8.37,Net Depletions to Surface Water
1989-09-12,8.16,Net Depletions to Surface Water
1989-09-13,7.98,Net Depletions to Surface Water
1989-09-14,7.88,Net Depletions to Surface Water
1989-09-15,7.77,Net Depletions to Surface Water
1989-09-16,7.66,Net Depletions to Surface Water
1989-09-17,7.59,Net Depletions to Surface Water
1989-09-18,7.52,Net Depletions to Surface Water
1989-09-19,7.45,Net Depletions to Surface Water
1989-09-20,7.38,Net Depletions to Surface Water
1989-09-21,7.31,Net Depletions to Surface Water
1989-09-22,7.27,Net Depletions to Surface Water
1989-09-23,7.2,Net Depletions to Surface Water
1989-09-24,7.17,Net Depletions to Surface Water
1989-09-25,7.1,Net Depletions to Surface Water
1989-09-26,7.06,Net Depletions to Surface Water
1989-09-27,7.03,Net Depletions to Surface Water
1989-09-28,6.96,Net Depletions to Surface Water
1989-09-29,6.92,Net Depletions to Surface Water
1989-09-30,6.89,Net Depletions to Surface Water
1989-10-01,6.71,Net Depletions to Surface Water
1989-10-02,6.57,Net Depletions to Surface Water
1989-10-03,6.46,Net Depletions to Surface Water
1989-10-04,6.36,Net Depletions to Surface Water
1989-10-05,6.29,Net Depletions to Surface Water
1989-10-06,6.18,Net Depletions to Surface Water
1989-10-07,6.11,Net Depletions to Surface Water
1989-10-08,6.04,Net Depletions to Surface Water
1989-10-09,5.97,Net Depletions to Surface Water
1989-10-10,5.93,Net Depletions to Surface Water
1989-10-11,5.86,Net Depletions to Surface Water
1989-10-12,5.79,Net Depletions to Surface Water
1989-10-13,5.72,Net Depletions to Surface Water
1989-10-14,5.69,Net Depletions to Surface Water
1989-10-15,5.62,Net Depletions to Surface Water
1989-10-16,5.58,Net Depletions to Surface Water
1989-10-17,5.51,Net Depletions to Surface Water
1989-10-18,5.47,Net Depletions to Surface Water
1989-10-19,5.4,Net Depletions to Surface Water
1989-10-20,5.37,Net Depletions to Surface Water
1989-10-21,5.3,Net Depletions to Surface Water
1989-10-22,5.26,Net Depletions to Surface Water
1989-10-23,5.23,Net Depletions to Surface Water
1989-10-24,5.16,Net Depletions to Surface Water
1989-10-25,5.12,Net Depletions to Surface Water
1989-10-26,5.09,Net Depletions to Surface Water
1989-10-27,5.05,Net Depletions to Surface Water
1989-10-28,4.98,Net Depletions to Surface Water
1989-10-29,4.94,Net Depletions to Surface Water
1989-10-30,4.91,Net Depletions to Surface Water
1989-10-31,4.87,Net Depletions to Surface Water
1989-11-01,4.73,Net Depletions to Surface Water
1989-11-02,4.66,Net Depletions to Surface Water
1989-11-03,4.56,Net Depletions to Surface Water
1989-11-04,4.48,Net Depletions to Surface Water
1989-11-05,4.41,Net Depletions to Surface Water
1989-11-06,4.38,Net Depletions to Surface Water
1989-11-07,4.31,Net Depletions to Surface Water
1989-11-08,4.24,Net Depletions to Surface Water
1989-11-09,4.2,Net Depletions to Surface Water
1989-11-10,4.13,Net Depletions to Surface Water
1989-11-11,4.1,Net Depletions to Surface Water
1989-11-12,4.03,Net Depletions to Surface Water
1989-11-13,3.99,Net Depletions to Surface Water
1989-11-14,3.92,Net Depletions to Surface Water
1989-11-15,3.88,Net Depletions to Surface Water
1989-11-16,3.85,Net Depletions to Surface Water
1989-11-17,3.78,Net Depletions to Surface Water
1989-11-18,3.74,Net Depletions to Surface Water
1989-11-19,3.71,Net Depletions to Surface Water
1989-11-20,3.64,Net Depletions to Surface Water
1989-11-21,3.6,Net Depletions to Surface Water
1989-11-22,3.57,Net Depletions to Surface Water
1989-11-23,3.52,Net Depletions to Surface Water
1989-11-24,3.48,Net Depletions to Surface Water
1989-11-25,3.44,Net Depletions to Surface Water
1989-11-26,3.4,Net Depletions to Surface Water
1989-11-27,3.36,Net Depletions to Surface Water
1989-11-28,3.32,Net Depletions to Surface Water
1989-11-29,3.28,Net Depletions to Surface Water
1989-11-30,3.25,Net Depletions to Surface Water
1989-12-01,3.2,Net Depletions to Surface Water
1989-12-02,3.14,Net Depletions to Surface Water
1989-12-03,3.1,Net Depletions to Surface Water
1989-12-04,3.06,Net Depletions to Surface Water
1989-12-05,3.02,Net Depletions to Surface Water
1989-12-06,2.98,Net Depletions to Surface Water
1989-12-07,2.94,Net Depletions to Surface Water
1989-12-08,2.9,Net Depletions to Surface Water
1989-12-09,2.86,Net Depletions to Surface Water
1989-12-10,2.83,Net Depletions to Surface Water
1989-12-11,2.79,Net Depletions to Surface Water
1989-12-12,2.75,Net Depletions to Surface Water
1989-12-13,2.72,Net Depletions to Surface Water
1989-12-14,2.68,Net Depletions to Surface Water
1989-12-15,2.65,Net Depletions to Surface Water
1989-12-16,2.62,Net Depletions to Surface Water
1989-12-17,2.59,Net Depletions to Surface Water
1989-12-18,2.55,Net Depletions to Surface Water
1989-12-19,2.52,Net Depletions to Surface Water
1989-12-20,2.49,Net Depletions to Surface Water
1989-12-21,2.46,Net Depletions to Surface Water
1989-12-22,2.43,Net Depletions to Surface Water
1989-12-23,2.4,Net Depletions to Surface Water
1989-12-24,2.37,Net Depletions to Surface Water
1989-12-25,2.34,Net Depletions to Surface Water
1989-12-26,2.31,Net Depletions to Surface Water
1989-12-27,2.28,Net Depletions to Surface Water
1989-12-28,2.26,Net Depletions to Surface Water
1989-12-29,2.23,Net Depletions to Surface Water
1989-12-30,2.2,Net Depletions to Surface Water
1989-12-31,2.18,Net Depletions to Surface Water
